[
  {
    "rule_id": "rule_001",
    "name": "Low Soil Moisture Alert",
    "description": "Trigger irrigation when soil moisture drops below threshold",
    "trigger_condition": "soil_moisture < 15 AND forecast_rain_mm < 5",
    "priority": 1,
    "action": "Schedule irrigation within 48 hours",
    "expected_outcome": "Prevent forage stress and maintain NDVI above 0.5",
    "applies_to_species": [
      "sp_001",
      "sp_002",
      "sp_003"
    ],
    "applies_to_soil_types": [
      "sandy_loam",
      "loam"
    ]
  },
  {
    "rule_id": "rule_002",
    "name": "Overgrazing Prevention",
    "description": "Reduce stocking rate when grass height and NDVI decline",
    "trigger_condition": "grass_height < 6 AND ndvi_trend_14d < -0.1",
    "priority": 1,
    "action": "Reduce stocking rate by 20% and enforce 21-day rest period",
    "expected_outcome": "Allow pasture recovery within 3-4 weeks",
    "applies_to_species": [
      "sp_001",
      "sp_003",
      "sp_006"
    ],
    "applies_to_soil_types": [
      "all"
    ]
  },
  {
    "rule_id": "rule_003",
    "name": "Acidic Soil Amendment",
    "description": "Apply lime when soil pH is too low",
    "trigger_condition": "soil_ph < 5.8",
    "priority": 2,
    "action": "Apply 2000 kg/ha agricultural lime in fall",
    "expected_outcome": "Raise pH to optimal range (6.0-6.5) within 6 months",
    "applies_to_species": [
      "sp_001",
      "sp_002",
      "sp_004"
    ],
    "applies_to_soil_types": [
      "all"
    ]
  },
  {
    "rule_id": "rule_004",
    "name": "Nitrogen Deficiency Response",
    "description": "Apply nitrogen when growth is limited and soil N is low",
    "trigger_condition": "ndvi < 0.5 AND soil_n_ppm < 20 AND season = 'spring'",
    "priority": 2,
    "action": "Apply 50 kg/ha nitrogen in split applications",
    "expected_outcome": "Increase biomass production by 20-30% within 4 weeks",
    "applies_to_species": [
      "sp_001",
      "sp_003",
      "sp_005",
      "sp_006"
    ],
    "applies_to_soil_types": [
      "all"
    ]
  },
  {
    "rule_id": "rule_005",
    "name": "Slope Erosion Risk",
    "description": "Prevent overuse on steep slopes to reduce erosion",
    "trigger_condition": "slope_pct > 10 AND utilization_pct > 60",
    "priority": 1,
    "action": "Limit grazing to 50% utilization, consider reseeding with deep-rooted species",
    "expected_outcome": "Maintain ground cover and prevent soil loss",
    "applies_to_species": [
      "sp_005",
      "sp_006"
    ],
    "applies_to_soil_types": [
      "all"
    ]
  },
  {
    "rule_id": "rule_006",
    "name": "Heat Stress Management",
    "description": "Adjust management during extreme heat",
    "trigger_condition": "temperature > 30 AND humidity > 70",
    "priority": 1,
    "action": "Provide shade, reduce stocking density, ensure water access",
    "expected_outcome": "Prevent heat stress in livestock and pasture damage",
    "applies_to_species": [
      "all"
    ],
    "applies_to_soil_types": [
      "all"
    ]
  },
  {
    "rule_id": "rule_007",
    "name": "Drought Recovery Seeding",
    "description": "Reseed after prolonged drought damage",
    "trigger_condition": "ndvi < 0.3 for 30+ days AND drought_event = true",
    "priority": 3,
    "action": "Overseed with drought-tolerant species (Tall Fescue mix) at 15 kg/ha",
    "expected_outcome": "Restore ground cover within growing season",
    "applies_to_species": [
      "sp_005"
    ],
    "applies_to_soil_types": [
      "all"
    ]
  },
  {
    "rule_id": "rule_008",
    "name": "Optimal Grazing Window",
    "description": "Graze when pasture is at optimal height",
    "trigger_condition": "grass_height >= 15 AND grass_height <= 25 AND ndvi > 0.6",
    "priority": 3,
    "action": "Begin rotational grazing, target 50-60% utilization",
    "expected_outcome": "Maximize forage quality and regrowth potential",
    "applies_to_species": [
      "sp_001",
      "sp_003",
      "sp_004"
    ],
    "applies_to_soil_types": [
      "all"
    ]
  }
]