[
  {
    "farm_id": "farm_001",
    "name": "Farm_001",
    "owner": {
      "farmer_id": "farmer_001",
      "name": "Farmer 1",
      "contact": {
        "email": "farmer1@example.com",
        "phone": "+1-555-0001"
      }
    },
    "location": {
      "address": "1 Rural Road",
      "region": "Northwest",
      "country": "USA",
      "center": {
        "type": "Point",
        "coordinates": [
          -92.849935,
          43.557707
        ]
      }
    },
    "total_area_ha": 198.0,
    "established_date": "2017-01-03T20:30:07.085773",
    "certifications": [],
    "metadata": {
      "last_inspection": "2025-02-27T20:30:07.085808",
      "risk_score": 0.13
    }
  },
  {
    "farm_id": "farm_002",
    "name": "Farm_002",
    "owner": {
      "farmer_id": "farmer_002",
      "name": "Farmer 2",
      "contact": {
        "email": "farmer2@example.com",
        "phone": "+1-555-0002"
      }
    },
    "location": {
      "address": "2 Rural Road",
      "region": "Northeast",
      "country": "USA",
      "center": {
        "type": "Point",
        "coordinates": [
          -92.821217,
          42.687687
        ]
      }
    },
    "total_area_ha": 193.1,
    "established_date": "2022-01-29T20:30:07.085830",
    "certifications": [
      "Non-GMO"
    ],
    "metadata": {
      "last_inspection": "2025-08-13T20:30:07.085839",
      "risk_score": 0.28
    }
  },
  {
    "farm_id": "farm_003",
    "name": "Farm_003",
    "owner": {
      "farmer_id": "farmer_003",
      "name": "Farmer 3",
      "contact": {
        "email": "farmer3@example.com",
        "phone": "+1-555-0003"
      }
    },
    "location": {
      "address": "3 Rural Road",
      "region": "Northeast",
      "country": "USA",
      "center": {
        "type": "Point",
        "coordinates": [
          -87.784198,
          42.112763
        ]
      }
    },
    "total_area_ha": 379.3,
    "established_date": "2008-01-03T20:30:07.085850",
    "certifications": [
      "Grass-Fed",
      "Organic"
    ],
    "metadata": {
      "last_inspection": "2025-06-14T20:30:07.085857",
      "risk_score": 0.14
    }
  },
  {
    "farm_id": "farm_004",
    "name": "Farm_004",
    "owner": {
      "farmer_id": "farmer_004",
      "name": "Farmer 4",
      "contact": {
        "email": "farmer4@example.com",
        "phone": "+1-555-0004"
      }
    },
    "location": {
      "address": "4 Rural Road",
      "region": "Northwest",
      "country": "USA",
      "center": {
        "type": "Point",
        "coordinates": [
          -90.846124,
          42.519709
        ]
      }
    },
    "total_area_ha": 341.5,
    "established_date": "2021-04-27T20:30:07.085866",
    "certifications": [
      "Organic",
      "Grass-Fed",
      "Non-GMO"
    ],
    "metadata": {
      "last_inspection": "2025-02-24T20:30:07.085874",
      "risk_score": 0.22
    }
  },
  {
    "farm_id": "farm_005",
    "name": "Farm_005",
    "owner": {
      "farmer_id": "farmer_005",
      "name": "Farmer 5",
      "contact": {
        "email": "farmer5@example.com",
        "phone": "+1-555-0005"
      }
    },
    "location": {
      "address": "5 Rural Road",
      "region": "Northwest",
      "country": "USA",
      "center": {
        "type": "Point",
        "coordinates": [
          -87.68729,
          43.514559
        ]
      }
    },
    "total_area_ha": 330.9,
    "established_date": "2020-02-24T20:30:07.085888",
    "certifications": [],
    "metadata": {
      "last_inspection": "2025-08-09T20:30:07.085894",
      "risk_score": 0.41
    }
  }
]