[
  {
    "farmer_id": "farmer_001",
    "name": "Farmer 1",
    "email": "farmer1@example.com",
    "phone": "+1-555-0001",
    "farms": [
      "farm_001"
    ],
    "preferences": {
      "alert_threshold_soil_moisture": 17,
      "alert_threshold_ndvi": 0.31,
      "notification_methods": [
        "app",
        "sms"
      ]
    },
    "subscription_tier": "standard",
    "created_at": "2017-01-03T20:30:07.085773"
  },
  {
    "farmer_id": "farmer_002",
    "name": "Farmer 2",
    "email": "farmer2@example.com",
    "phone": "+1-555-0002",
    "farms": [
      "farm_002"
    ],
    "preferences": {
      "alert_threshold_soil_moisture": 13,
      "alert_threshold_ndvi": 0.34,
      "notification_methods": [
        "app",
        "sms"
      ]
    },
    "subscription_tier": "premium",
    "created_at": "2022-01-29T20:30:07.085830"
  },
  {
    "farmer_id": "farmer_003",
    "name": "Farmer 3",
    "email": "farmer3@example.com",
    "phone": "+1-555-0003",
    "farms": [
      "farm_003"
    ],
    "preferences": {
      "alert_threshold_soil_moisture": 10,
      "alert_threshold_ndvi": 0.44,
      "notification_methods": [
        "email",
        "sms"
      ]
    },
    "subscription_tier": "standard",
    "created_at": "2008-01-03T20:30:07.085850"
  },
  {
    "farmer_id": "farmer_004",
    "name": "Farmer 4",
    "email": "farmer4@example.com",
    "phone": "+1-555-0004",
    "farms": [
      "farm_004"
    ],
    "preferences": {
      "alert_threshold_soil_moisture": 16,
      "alert_threshold_ndvi": 0.42,
      "notification_methods": [
        "email",
        "app",
        "sms"
      ]
    },
    "subscription_tier": "basic",
    "created_at": "2021-04-27T20:30:07.085866"
  },
  {
    "farmer_id": "farmer_005",
    "name": "Farmer 5",
    "email": "farmer5@example.com",
    "phone": "+1-555-0005",
    "farms": [
      "farm_005"
    ],
    "preferences": {
      "alert_threshold_soil_moisture": 19,
      "alert_threshold_ndvi": 0.3,
      "notification_methods": [
        "email"
      ]
    },
    "subscription_tier": "basic",
    "created_at": "2020-02-24T20:30:07.085888"
  }
]