[
  {
    "field_id": "field_001",
    "farm_id": "farm_001",
    "name": "West Field",
    "boundary": {
      "type": "Polygon",
      "coordinates": [
        [
          [
            -92.84427135966338,
            43.577675187429186
          ],
          [
            -92.82758159434215,
            43.57777245173669
          ],
          [
            -92.82672129264267,
            43.56586773554282
          ],
          [
            -92.84198303089704,
            43.56748951546654
          ],
          [
            -92.84427135966338,
            43.577675187429186
          ]
        ]
      ]
    },
    "area_ha": 36.6,
    "soil_type": "silt",
    "terrain": {
      "elevation_m": 295.0,
      "slope_pct": 4.0,
      "aspect": "south"
    },
    "establishment_date": "2017-07-31T20:30:07.086008",
    "current_species": [
      {
        "species_id": "sp_003",
        "name": "Timothy",
        "coverage_pct": 20
      },
      {
        "species_id": "sp_002",
        "name": "White Clover",
        "coverage_pct": 24
      },
      {
        "species_id": "sp_006",
        "name": "Orchardgrass",
        "coverage_pct": 12
      },
      {
        "species_id": "sp_005",
        "name": "Tall Fescue",
        "coverage_pct": 42
      }
    ],
    "sensors": [
      "sensor_weather_001_01",
      "sensor_soil_moisture_001_02",
      "sensor_grass_height_001_03"
    ],
    "latest_metrics": {
      "ndvi": 0.49,
      "soil_moisture": 27.5,
      "grass_height_cm": 22.7,
      "temperature_c": 21.4,
      "updated_at": "2026-01-02T20:30:07.086016"
    },
    "notes": []
  },
  {
    "field_id": "field_002",
    "farm_id": "farm_001",
    "name": "South Meadow",
    "boundary": {
      "type": "Polygon",
      "coordinates": [
        [
          [
            -92.86981696232102,
            43.55443083512613
          ],
          [
            -92.85286618834908,
            43.55432825776927
          ],
          [
            -92.84961053270241,
            43.54190295872333
          ],
          [
            -92.87044184233515,
            43.5410637681757
          ],
          [
            -92.86981696232102,
            43.55443083512613
          ]
        ]
      ]
    },
    "area_ha": 49.3,
    "soil_type": "clay",
    "terrain": {
      "elevation_m": 203.0,
      "slope_pct": 10.8,
      "aspect": "flat"
    },
    "establishment_date": "2018-08-27T20:30:07.086052",
    "current_species": [
      {
        "species_id": "sp_005",
        "name": "Tall Fescue",
        "coverage_pct": 19
      },
      {
        "species_id": "sp_004",
        "name": "Kentucky Bluegrass",
        "coverage_pct": 14
      },
      {
        "species_id": "sp_006",
        "name": "Orchardgrass",
        "coverage_pct": 33
      },
      {
        "species_id": "sp_002",
        "name": "White Clover",
        "coverage_pct": 32
      }
    ],
    "sensors": [
      "sensor_soil_moisture_002_01",
      "sensor_grass_height_002_02"
    ],
    "latest_metrics": {
      "ndvi": 0.71,
      "soil_moisture": 23.5,
      "grass_height_cm": 10.9,
      "temperature_c": 16.6,
      "updated_at": "2026-01-02T20:30:07.086058"
    },
    "notes": []
  },
  {
    "field_id": "field_003",
    "farm_id": "farm_001",
    "name": "Upper Pasture",
    "boundary": {
      "type": "Polygon",
      "coordinates": [
        [
          [
            -92.84179021859434,
            43.58063880486014
          ],
          [
            -92.82930269961612,
            43.580397552232164
          ],
          [
            -92.8269873305547,
            43.570469451097715
          ],
          [
            -92.84083726901784,
            43.57155622285052
          ],
          [
            -92.84179021859434,
            43.58063880486014
          ]
        ]
      ]
    },
    "area_ha": 28.4,
    "soil_type": "clay_loam",
    "terrain": {
      "elevation_m": 370.0,
      "slope_pct": 1.2,
      "aspect": "west"
    },
    "establishment_date": "2023-02-01T20:30:07.086081",
    "current_species": [
      {
        "species_id": "sp_005",
        "name": "Tall Fescue",
        "coverage_pct": 63
      },
      {
        "species_id": "sp_001",
        "name": "Perennial Ryegrass",
        "coverage_pct": 36
      }
    ],
    "sensors": [
      "sensor_weather_003_01",
      "sensor_grass_height_003_02",
      "sensor_soil_moisture_003_03"
    ],
    "latest_metrics": {
      "ndvi": 0.79,
      "soil_moisture": 28.3,
      "grass_height_cm": 7.5,
      "temperature_c": 21.6,
      "updated_at": "2026-01-02T20:30:07.086086"
    },
    "notes": [
      "Reseeded in 2022",
      "Prone to waterlogging"
    ]
  },
  {
    "field_id": "field_004",
    "farm_id": "farm_002",
    "name": "North Field",
    "boundary": {
      "type": "Polygon",
      "coordinates": [
        [
          [
            -92.8292268298474,
            42.70716753844129
          ],
          [
            -92.81797053495185,
            42.70618638642458
          ],
          [
            -92.81767895919546,
            42.698889507707186
          ],
          [
            -92.829340055368,
            42.69893878832884
          ],
          [
            -92.8292268298474,
            42.70716753844129
          ]
        ]
      ]
    },
    "area_ha": 24.8,
    "soil_type": "clay_loam",
    "terrain": {
      "elevation_m": 299.0,
      "slope_pct": 7.7,
      "aspect": "east"
    },
    "establishment_date": "2013-10-01T20:30:07.086111",
    "current_species": [
      {
        "species_id": "sp_006",
        "name": "Orchardgrass",
        "coverage_pct": 21
      },
      {
        "species_id": "sp_002",
        "name": "White Clover",
        "coverage_pct": 25
      },
      {
        "species_id": "sp_003",
        "name": "Timothy",
        "coverage_pct": 28
      },
      {
        "species_id": "sp_005",
        "name": "Tall Fescue",
        "coverage_pct": 25
      }
    ],
    "sensors": [
      "sensor_weather_004_01",
      "sensor_soil_moisture_004_02"
    ],
    "latest_metrics": {
      "ndvi": 0.49,
      "soil_moisture": 18.3,
      "grass_height_cm": 23.7,
      "temperature_c": 20.7,
      "updated_at": "2026-01-02T20:30:07.086116"
    },
    "notes": [
      "Reseeded in 2022"
    ]
  },
  {
    "field_id": "field_005",
    "farm_id": "farm_002",
    "name": "South Paddock",
    "boundary": {
      "type": "Polygon",
      "coordinates": [
        [
          [
            -92.8139826207425,
            42.702869871676896
          ],
          [
            -92.80308843712811,
            42.70407183637364
          ],
          [
            -92.80400498549132,
            42.69418732867368
          ],
          [
            -92.81567677891786,
            42.69542254422928
          ],
          [
            -92.8139826207425,
            42.702869871676896
          ]
        ]
      ]
    },
    "area_ha": 23.3,
    "soil_type": "loam",
    "terrain": {
      "elevation_m": 396.0,
      "slope_pct": 8.1,
      "aspect": "north"
    },
    "establishment_date": "2022-07-18T20:30:07.086142",
    "current_species": [
      {
        "species_id": "sp_004",
        "name": "Kentucky Bluegrass",
        "coverage_pct": 48
      },
      {
        "species_id": "sp_003",
        "name": "Timothy",
        "coverage_pct": 16
      },
      {
        "species_id": "sp_006",
        "name": "Orchardgrass",
        "coverage_pct": 19
      },
      {
        "species_id": "sp_002",
        "name": "White Clover",
        "coverage_pct": 16
      }
    ],
    "sensors": [
      "sensor_ndvi_005_01",
      "sensor_soil_moisture_005_02",
      "sensor_grass_height_005_03",
      "sensor_weather_005_04"
    ],
    "latest_metrics": {
      "ndvi": 0.77,
      "soil_moisture": 36.2,
      "grass_height_cm": 8.3,
      "temperature_c": 19.9,
      "updated_at": "2026-01-02T20:30:07.086146"
    },
    "notes": []
  },
  {
    "field_id": "field_006",
    "farm_id": "farm_002",
    "name": "North Pasture",
    "boundary": {
      "type": "Polygon",
      "coordinates": [
        [
          [
            -92.81136738773208,
            42.7057103789906
          ],
          [
            -92.79924361226952,
            42.70645508415805
          ],
          [
            -92.79863302468442,
            42.69866811341011
          ],
          [
            -92.81185124104087,
            42.69879731122846
          ],
          [
            -92.81136738773208,
            42.7057103789906
          ]
        ]
      ]
    },
    "area_ha": 21.5,
    "soil_type": "loam",
    "terrain": {
      "elevation_m": 256.0,
      "slope_pct": 8.9,
      "aspect": "south"
    },
    "establishment_date": "2015-08-01T20:30:07.086168",
    "current_species": [
      {
        "species_id": "sp_003",
        "name": "Timothy",
        "coverage_pct": 30
      },
      {
        "species_id": "sp_004",
        "name": "Kentucky Bluegrass",
        "coverage_pct": 36
      },
      {
        "species_id": "sp_006",
        "name": "Orchardgrass",
        "coverage_pct": 33
      }
    ],
    "sensors": [
      "sensor_weather_006_01",
      "sensor_grass_height_006_02",
      "sensor_soil_moisture_006_03"
    ],
    "latest_metrics": {
      "ndvi": 0.45,
      "soil_moisture": 37.3,
      "grass_height_cm": 9.9,
      "temperature_c": 20.9,
      "updated_at": "2026-01-02T20:30:07.086173"
    },
    "notes": [
      "Excellent drainage",
      "High productivity"
    ]
  },
  {
    "field_id": "field_007",
    "farm_id": "farm_002",
    "name": "East Pasture",
    "boundary": {
      "type": "Polygon",
      "coordinates": [
        [
          [
            -92.82418952282129,
            42.69933351785631
          ],
          [
            -92.81148828202278,
            42.698269434600746
          ],
          [
            -92.81155872648006,
            42.688865690072944
          ],
          [
            -92.8245315917627,
            42.68918598174441
          ],
          [
            -92.82418952282129,
            42.69933351785631
          ]
        ]
      ]
    },
    "area_ha": 32.1,
    "soil_type": "clay",
    "terrain": {
      "elevation_m": 221.0,
      "slope_pct": 3.7,
      "aspect": "east"
    },
    "establishment_date": "2021-02-05T20:30:07.086191",
    "current_species": [
      {
        "species_id": "sp_006",
        "name": "Orchardgrass",
        "coverage_pct": 49
      },
      {
        "species_id": "sp_003",
        "name": "Timothy",
        "coverage_pct": 50
      }
    ],
    "sensors": [
      "sensor_weather_007_01",
      "sensor_ndvi_007_02",
      "sensor_grass_height_007_03",
      "sensor_soil_moisture_007_04"
    ],
    "latest_metrics": {
      "ndvi": 0.58,
      "soil_moisture": 28.6,
      "grass_height_cm": 11.1,
      "temperature_c": 24.8,
      "updated_at": "2026-01-02T20:30:07.086195"
    },
    "notes": [
      "Needs lime application",
      "Excellent drainage"
    ]
  },
  {
    "field_id": "field_008",
    "farm_id": "farm_002",
    "name": "Lower Field",
    "boundary": {
      "type": "Polygon",
      "coordinates": [
        [
          [
            -92.82840210071876,
            42.702633444266915
          ],
          [
            -92.80940696670905,
            42.70217811697025
          ],
          [
            -92.80668008211521,
            42.68550753778096
          ],
          [
            -92.82792888347495,
            42.68682792516436
          ],
          [
            -92.82840210071876,
            42.702633444266915
          ]
        ]
      ]
    },
    "area_ha": 75.2,
    "soil_type": "loam",
    "terrain": {
      "elevation_m": 283.0,
      "slope_pct": 0.1,
      "aspect": "south"
    },
    "establishment_date": "2018-10-06T20:30:07.086215",
    "current_species": [
      {
        "species_id": "sp_003",
        "name": "Timothy",
        "coverage_pct": 26
      },
      {
        "species_id": "sp_001",
        "name": "Perennial Ryegrass",
        "coverage_pct": 73
      }
    ],
    "sensors": [
      "sensor_ndvi_008_01",
      "sensor_weather_008_02",
      "sensor_soil_moisture_008_03"
    ],
    "latest_metrics": {
      "ndvi": 0.46,
      "soil_moisture": 26.0,
      "grass_height_cm": 19.1,
      "temperature_c": 20.6,
      "updated_at": "2026-01-02T20:30:07.086220"
    },
    "notes": []
  },
  {
    "field_id": "field_009",
    "farm_id": "farm_002",
    "name": "North Field",
    "boundary": {
      "type": "Polygon",
      "coordinates": [
        [
          [
            -92.81516647720937,
            42.677637094279106
          ],
          [
            -92.79706918266733,
            42.67927408115591
          ],
          [
            -92.79379058648104,
            42.663272501829375
          ],
          [
            -92.81688933852764,
            42.66404943954926
          ],
          [
            -92.81516647720937,
            42.677637094279106
          ]
        ]
      ]
    },
    "area_ha": 73.3,
    "soil_type": "clay_loam",
    "terrain": {
      "elevation_m": 479.0,
      "slope_pct": 13.0,
      "aspect": "south"
    },
    "establishment_date": "2015-05-23T20:30:07.086239",
    "current_species": [
      {
        "species_id": "sp_003",
        "name": "Timothy",
        "coverage_pct": 70
      },
      {
        "species_id": "sp_005",
        "name": "Tall Fescue",
        "coverage_pct": 29
      }
    ],
    "sensors": [
      "sensor_weather_009_01",
      "sensor_soil_moisture_009_02",
      "sensor_grass_height_009_03",
      "sensor_ndvi_009_04"
    ],
    "latest_metrics": {
      "ndvi": 0.41,
      "soil_moisture": 33.4,
      "grass_height_cm": 11.6,
      "temperature_c": 24.3,
      "updated_at": "2026-01-02T20:30:07.086243"
    },
    "notes": [
      "Good shelter from wind",
      "Reseeded in 2022"
    ]
  },
  {
    "field_id": "field_010",
    "farm_id": "farm_002",
    "name": "West Field",
    "boundary": {
      "type": "Polygon",
      "coordinates": [
        [
          [
            -92.8144077127491,
            42.68148777151614
          ],
          [
            -92.80401898265039,
            42.68191368296183
          ],
          [
            -92.8045617066795,
            42.67430834216919
          ],
          [
            -92.81556969172837,
            42.674835004083675
          ],
          [
            -92.8144077127491,
            42.68148777151614
          ]
        ]
      ]
    },
    "area_ha": 17.6,
    "soil_type": "loam",
    "terrain": {
      "elevation_m": 208.0,
      "slope_pct": 13.2,
      "aspect": "east"
    },
    "establishment_date": "2020-08-19T20:30:07.086265",
    "current_species": [
      {
        "species_id": "sp_002",
        "name": "White Clover",
        "coverage_pct": 37
      },
      {
        "species_id": "sp_006",
        "name": "Orchardgrass",
        "coverage_pct": 34
      },
      {
        "species_id": "sp_004",
        "name": "Kentucky Bluegrass",
        "coverage_pct": 28
      }
    ],
    "sensors": [
      "sensor_soil_moisture_010_01",
      "sensor_ndvi_010_02",
      "sensor_grass_height_010_03"
    ],
    "latest_metrics": {
      "ndvi": 0.63,
      "soil_moisture": 39.6,
      "grass_height_cm": 5.8,
      "temperature_c": 21.0,
      "updated_at": "2026-01-02T20:30:07.086269"
    },
    "notes": [
      "Good shelter from wind"
    ]
  },
  {
    "field_id": "field_011",
    "farm_id": "farm_003",
    "name": "Lower Field",
    "boundary": {
      "type": "Polygon",
      "coordinates": [
        [
          [
            -87.77024958037521,
            42.11430204938026
          ],
          [
            -87.76043781423412,
            42.11466487670245
          ],
          [
            -87.75964734534375,
            42.106130087085994
          ],
          [
            -87.76963585684022,
            42.106083609755025
          ],
          [
            -87.77024958037521,
            42.11430204938026
          ]
        ]
      ]
    },
    "area_ha": 18.1,
    "soil_type": "clay_loam",
    "terrain": {
      "elevation_m": 366.0,
      "slope_pct": 2.9,
      "aspect": "west"
    },
    "establishment_date": "2020-09-25T20:30:07.086289",
    "current_species": [
      {
        "species_id": "sp_003",
        "name": "Timothy",
        "coverage_pct": 78
      },
      {
        "species_id": "sp_001",
        "name": "Perennial Ryegrass",
        "coverage_pct": 21
      }
    ],
    "sensors": [
      "sensor_ndvi_011_01",
      "sensor_weather_011_02",
      "sensor_soil_moisture_011_03"
    ],
    "latest_metrics": {
      "ndvi": 0.65,
      "soil_moisture": 22.5,
      "grass_height_cm": 16.0,
      "temperature_c": 15.0,
      "updated_at": "2026-01-02T20:30:07.086294"
    },
    "notes": [
      "Reseeded in 2022"
    ]
  },
  {
    "field_id": "field_012",
    "farm_id": "farm_003",
    "name": "South Meadow",
    "boundary": {
      "type": "Polygon",
      "coordinates": [
        [
          [
            -87.78834432823511,
            42.11600135071031
          ],
          [
            -87.77201746408916,
            42.11762964993012
          ],
          [
            -87.77347725736021,
            42.10345916423263
          ],
          [
            -87.79054083189853,
            42.10405139121652
          ],
          [
            -87.78834432823511,
            42.11600135071031
          ]
        ]
      ]
    },
    "area_ha": 55.8,
    "soil_type": "silt",
    "terrain": {
      "elevation_m": 409.0,
      "slope_pct": 7.4,
      "aspect": "south"
    },
    "establishment_date": "2021-04-30T20:30:07.086315",
    "current_species": [
      {
        "species_id": "sp_004",
        "name": "Kentucky Bluegrass",
        "coverage_pct": 31
      },
      {
        "species_id": "sp_002",
        "name": "White Clover",
        "coverage_pct": 23
      },
      {
        "species_id": "sp_006",
        "name": "Orchardgrass",
        "coverage_pct": 44
      }
    ],
    "sensors": [
      "sensor_soil_moisture_012_01",
      "sensor_grass_height_012_02",
      "sensor_weather_012_03",
      "sensor_ndvi_012_04"
    ],
    "latest_metrics": {
      "ndvi": 0.66,
      "soil_moisture": 15.1,
      "grass_height_cm": 20.0,
      "temperature_c": 22.7,
      "updated_at": "2026-01-02T20:30:07.086322"
    },
    "notes": []
  },
  {
    "field_id": "field_013",
    "farm_id": "farm_003",
    "name": "South Paddock",
    "boundary": {
      "type": "Polygon",
      "coordinates": [
        [
          [
            -87.80513708683424,
            42.13197415527432
          ],
          [
            -87.78420955981268,
            42.13058196577214
          ],
          [
            -87.78445558225505,
            42.116609443482595
          ],
          [
            -87.80430304545364,
            42.11674067511494
          ],
          [
            -87.80513708683424,
            42.13197415527432
          ]
        ]
      ]
    },
    "area_ha": 66.3,
    "soil_type": "clay_loam",
    "terrain": {
      "elevation_m": 414.0,
      "slope_pct": 3.5,
      "aspect": "east"
    },
    "establishment_date": "2017-06-19T20:30:07.086342",
    "current_species": [
      {
        "species_id": "sp_001",
        "name": "Perennial Ryegrass",
        "coverage_pct": 22
      },
      {
        "species_id": "sp_005",
        "name": "Tall Fescue",
        "coverage_pct": 52
      },
      {
        "species_id": "sp_002",
        "name": "White Clover",
        "coverage_pct": 24
      }
    ],
    "sensors": [
      "sensor_ndvi_013_01",
      "sensor_weather_013_02",
      "sensor_grass_height_013_03",
      "sensor_soil_moisture_013_04"
    ],
    "latest_metrics": {
      "ndvi": 0.76,
      "soil_moisture": 17.0,
      "grass_height_cm": 8.0,
      "temperature_c": 18.8,
      "updated_at": "2026-01-02T20:30:07.086347"
    },
    "notes": []
  },
  {
    "field_id": "field_014",
    "farm_id": "farm_003",
    "name": "North Field",
    "boundary": {
      "type": "Polygon",
      "coordinates": [
        [
          [
            -87.80855811497591,
            42.12636372140125
          ],
          [
            -87.79291186527959,
            42.1273603904161
          ],
          [
            -87.79397726836115,
            42.11490518616594
          ],
          [
            -87.81006917179732,
            42.114540325467985
          ],
          [
            -87.80855811497591,
            42.12636372140125
          ]
        ]
      ]
    },
    "area_ha": 38.5,
    "soil_type": "clay_loam",
    "terrain": {
      "elevation_m": 346.0,
      "slope_pct": 4.1,
      "aspect": "west"
    },
    "establishment_date": "2023-12-27T20:30:07.086364",
    "current_species": [
      {
        "species_id": "sp_004",
        "name": "Kentucky Bluegrass",
        "coverage_pct": 30
      },
      {
        "species_id": "sp_001",
        "name": "Perennial Ryegrass",
        "coverage_pct": 29
      },
      {
        "species_id": "sp_002",
        "name": "White Clover",
        "coverage_pct": 40
      }
    ],
    "sensors": [
      "sensor_grass_height_014_01",
      "sensor_weather_014_02"
    ],
    "latest_metrics": {
      "ndvi": 0.56,
      "soil_moisture": 31.7,
      "grass_height_cm": 21.0,
      "temperature_c": 22.2,
      "updated_at": "2026-01-02T20:30:07.086371"
    },
    "notes": [
      "Reseeded in 2022"
    ]
  },
  {
    "field_id": "field_015",
    "farm_id": "farm_003",
    "name": "East Meadow",
    "boundary": {
      "type": "Polygon",
      "coordinates": [
        [
          [
            -87.79305911758243,
            42.13921346204018
          ],
          [
            -87.77083672641561,
            42.13903043107915
          ],
          [
            -87.77053859649111,
            42.12451058406789
          ],
          [
            -87.79464304582248,
            42.12435999823629
          ],
          [
            -87.79305911758243,
            42.13921346204018
          ]
        ]
      ]
    },
    "area_ha": 73.5,
    "soil_type": "clay_loam",
    "terrain": {
      "elevation_m": 425.0,
      "slope_pct": 0.8,
      "aspect": "east"
    },
    "establishment_date": "2019-08-11T20:30:07.086389",
    "current_species": [
      {
        "species_id": "sp_006",
        "name": "Orchardgrass",
        "coverage_pct": 32
      },
      {
        "species_id": "sp_001",
        "name": "Perennial Ryegrass",
        "coverage_pct": 15
      },
      {
        "species_id": "sp_005",
        "name": "Tall Fescue",
        "coverage_pct": 33
      },
      {
        "species_id": "sp_003",
        "name": "Timothy",
        "coverage_pct": 18
      }
    ],
    "sensors": [
      "sensor_ndvi_015_01",
      "sensor_weather_015_02"
    ],
    "latest_metrics": {
      "ndvi": 0.66,
      "soil_moisture": 34.5,
      "grass_height_cm": 18.0,
      "temperature_c": 22.5,
      "updated_at": "2026-01-02T20:30:07.086393"
    },
    "notes": []
  },
  {
    "field_id": "field_016",
    "farm_id": "farm_004",
    "name": "North Pasture",
    "boundary": {
      "type": "Polygon",
      "coordinates": [
        [
          [
            -90.84867166354456,
            42.538074430558304
          ],
          [
            -90.83392219823745,
            42.53770110746244
          ],
          [
            -90.8338376864945,
            42.52918474159269
          ],
          [
            -90.84782062089072,
            42.52800747210674
          ],
          [
            -90.84867166354456,
            42.538074430558304
          ]
        ]
      ]
    },
    "area_ha": 26.7,
    "soil_type": "silt",
    "terrain": {
      "elevation_m": 273.0,
      "slope_pct": 10.5,
      "aspect": "east"
    },
    "establishment_date": "2021-12-03T20:30:07.086509",
    "current_species": [
      {
        "species_id": "sp_001",
        "name": "Perennial Ryegrass",
        "coverage_pct": 20
      },
      {
        "species_id": "sp_005",
        "name": "Tall Fescue",
        "coverage_pct": 25
      },
      {
        "species_id": "sp_002",
        "name": "White Clover",
        "coverage_pct": 15
      },
      {
        "species_id": "sp_004",
        "name": "Kentucky Bluegrass",
        "coverage_pct": 37
      }
    ],
    "sensors": [
      "sensor_weather_016_01",
      "sensor_grass_height_016_02"
    ],
    "latest_metrics": {
      "ndvi": 0.72,
      "soil_moisture": 29.1,
      "grass_height_cm": 5.8,
      "temperature_c": 20.3,
      "updated_at": "2026-01-02T20:30:07.086516"
    },
    "notes": [
      "Prone to waterlogging",
      "Excellent drainage"
    ]
  },
  {
    "field_id": "field_017",
    "farm_id": "farm_004",
    "name": "Upper Paddock",
    "boundary": {
      "type": "Polygon",
      "coordinates": [
        [
          [
            -90.86252164678702,
            42.52843651466904
          ],
          [
            -90.84190775463483,
            42.52692410822103
          ],
          [
            -90.84332205248583,
            42.511131228906336
          ],
          [
            -90.86176372768601,
            42.51258472250298
          ],
          [
            -90.86252164678702,
            42.52843651466904
          ]
        ]
      ]
    },
    "area_ha": 69.5,
    "soil_type": "silt",
    "terrain": {
      "elevation_m": 425.0,
      "slope_pct": 8.5,
      "aspect": "west"
    },
    "establishment_date": "2017-02-03T20:30:07.086540",
    "current_species": [
      {
        "species_id": "sp_004",
        "name": "Kentucky Bluegrass",
        "coverage_pct": 56
      },
      {
        "species_id": "sp_003",
        "name": "Timothy",
        "coverage_pct": 43
      }
    ],
    "sensors": [
      "sensor_grass_height_017_01",
      "sensor_soil_moisture_017_02",
      "sensor_weather_017_03"
    ],
    "latest_metrics": {
      "ndvi": 0.41,
      "soil_moisture": 36.3,
      "grass_height_cm": 8.6,
      "temperature_c": 17.1,
      "updated_at": "2026-01-02T20:30:07.086545"
    },
    "notes": [
      "Prone to waterlogging"
    ]
  },
  {
    "field_id": "field_018",
    "farm_id": "farm_004",
    "name": "Lower Paddock",
    "boundary": {
      "type": "Polygon",
      "coordinates": [
        [
          [
            -90.8524047973068,
            42.517046425487216
          ],
          [
            -90.83278757837229,
            42.51822696795551
          ],
          [
            -90.83299825461535,
            42.50277225023809
          ],
          [
            -90.85207737238038,
            42.50310915330693
          ],
          [
            -90.8524047973068,
            42.517046425487216
          ]
        ]
      ]
    },
    "area_ha": 71.6,
    "soil_type": "clay_loam",
    "terrain": {
      "elevation_m": 303.0,
      "slope_pct": 14.9,
      "aspect": "flat"
    },
    "establishment_date": "2017-03-21T20:30:07.086571",
    "current_species": [
      {
        "species_id": "sp_005",
        "name": "Tall Fescue",
        "coverage_pct": 37
      },
      {
        "species_id": "sp_002",
        "name": "White Clover",
        "coverage_pct": 62
      }
    ],
    "sensors": [
      "sensor_grass_height_018_01",
      "sensor_ndvi_018_02",
      "sensor_soil_moisture_018_03",
      "sensor_weather_018_04"
    ],
    "latest_metrics": {
      "ndvi": 0.54,
      "soil_moisture": 26.3,
      "grass_height_cm": 11.1,
      "temperature_c": 17.3,
      "updated_at": "2026-01-02T20:30:07.086575"
    },
    "notes": [
      "Reseeded in 2022",
      "Prone to waterlogging"
    ]
  },
  {
    "field_id": "field_019",
    "farm_id": "farm_004",
    "name": "East Meadow",
    "boundary": {
      "type": "Polygon",
      "coordinates": [
        [
          [
            -90.85365005505567,
            42.51226140877121
          ],
          [
            -90.83641260665206,
            42.51036046465551
          ],
          [
            -90.83669305815184,
            42.497914275911455
          ],
          [
            -90.85614807885129,
            42.49692225120278
          ],
          [
            -90.85365005505567,
            42.51226140877121
          ]
        ]
      ]
    },
    "area_ha": 63.4,
    "soil_type": "sandy_loam",
    "terrain": {
      "elevation_m": 426.0,
      "slope_pct": 1.5,
      "aspect": "north"
    },
    "establishment_date": "2018-04-05T20:30:07.086594",
    "current_species": [
      {
        "species_id": "sp_002",
        "name": "White Clover",
        "coverage_pct": 36
      },
      {
        "species_id": "sp_004",
        "name": "Kentucky Bluegrass",
        "coverage_pct": 63
      }
    ],
    "sensors": [
      "sensor_soil_moisture_019_01",
      "sensor_grass_height_019_02",
      "sensor_weather_019_03",
      "sensor_ndvi_019_04"
    ],
    "latest_metrics": {
      "ndvi": 0.59,
      "soil_moisture": 26.0,
      "grass_height_cm": 8.7,
      "temperature_c": 15.5,
      "updated_at": "2026-01-02T20:30:07.086598"
    },
    "notes": [
      "Excellent drainage"
    ]
  },
  {
    "field_id": "field_020",
    "farm_id": "farm_005",
    "name": "Upper Meadow",
    "boundary": {
      "type": "Polygon",
      "coordinates": [
        [
          [
            -87.71447099070274,
            43.51689660349424
          ],
          [
            -87.69369705428387,
            43.51667654204286
          ],
          [
            -87.69486647668278,
            43.50414956804622
          ],
          [
            -87.71371423735458,
            43.505126558734105
          ],
          [
            -87.71447099070274,
            43.51689660349424
          ]
        ]
      ]
    },
    "area_ha": 54.1,
    "soil_type": "loam",
    "terrain": {
      "elevation_m": 488.0,
      "slope_pct": 1.5,
      "aspect": "south"
    },
    "establishment_date": "2019-11-27T20:30:07.086622",
    "current_species": [
      {
        "species_id": "sp_002",
        "name": "White Clover",
        "coverage_pct": 65
      },
      {
        "species_id": "sp_005",
        "name": "Tall Fescue",
        "coverage_pct": 34
      }
    ],
    "sensors": [
      "sensor_soil_moisture_020_01",
      "sensor_ndvi_020_02",
      "sensor_weather_020_03"
    ],
    "latest_metrics": {
      "ndvi": 0.51,
      "soil_moisture": 17.0,
      "grass_height_cm": 9.8,
      "temperature_c": 20.5,
      "updated_at": "2026-01-02T20:30:07.086627"
    },
    "notes": []
  },
  {
    "field_id": "field_021",
    "farm_id": "farm_005",
    "name": "Lower Meadow",
    "boundary": {
      "type": "Polygon",
      "coordinates": [
        [
          [
            -87.6979234738448,
            43.501252836311274
          ],
          [
            -87.67982229829826,
            43.502194689317655
          ],
          [
            -87.67918358541394,
            43.48930401547076
          ],
          [
            -87.6969985129044,
            43.48869258737745
          ],
          [
            -87.6979234738448,
            43.501252836311274
          ]
        ]
      ]
    },
    "area_ha": 51.6,
    "soil_type": "clay",
    "terrain": {
      "elevation_m": 425.0,
      "slope_pct": 8.5,
      "aspect": "east"
    },
    "establishment_date": "2014-10-15T20:30:07.086647",
    "current_species": [
      {
        "species_id": "sp_002",
        "name": "White Clover",
        "coverage_pct": 41
      },
      {
        "species_id": "sp_003",
        "name": "Timothy",
        "coverage_pct": 58
      }
    ],
    "sensors": [
      "sensor_weather_021_01",
      "sensor_grass_height_021_02"
    ],
    "latest_metrics": {
      "ndvi": 0.45,
      "soil_moisture": 32.2,
      "grass_height_cm": 19.0,
      "temperature_c": 24.4,
      "updated_at": "2026-01-02T20:30:07.086651"
    },
    "notes": [
      "Needs lime application",
      "High productivity"
    ]
  },
  {
    "field_id": "field_022",
    "farm_id": "farm_005",
    "name": "Upper Paddock",
    "boundary": {
      "type": "Polygon",
      "coordinates": [
        [
          [
            -87.6956890566343,
            43.51875370509647
          ],
          [
            -87.67244541337459,
            43.520142658377786
          ],
          [
            -87.67284089323738,
            43.50566153108243
          ],
          [
            -87.6932887620494,
            43.504919811180336
          ],
          [
            -87.6956890566343,
            43.51875370509647
          ]
        ]
      ]
    },
    "area_ha": 72.3,
    "soil_type": "clay",
    "terrain": {
      "elevation_m": 401.0,
      "slope_pct": 12.9,
      "aspect": "east"
    },
    "establishment_date": "2015-05-28T20:30:07.086672",
    "current_species": [
      {
        "species_id": "sp_003",
        "name": "Timothy",
        "coverage_pct": 35
      },
      {
        "species_id": "sp_001",
        "name": "Perennial Ryegrass",
        "coverage_pct": 35
      },
      {
        "species_id": "sp_005",
        "name": "Tall Fescue",
        "coverage_pct": 8
      },
      {
        "species_id": "sp_004",
        "name": "Kentucky Bluegrass",
        "coverage_pct": 20
      }
    ],
    "sensors": [
      "sensor_weather_022_01",
      "sensor_grass_height_022_02"
    ],
    "latest_metrics": {
      "ndvi": 0.68,
      "soil_moisture": 22.2,
      "grass_height_cm": 23.9,
      "temperature_c": 23.1,
      "updated_at": "2026-01-02T20:30:07.086676"
    },
    "notes": [
      "Excellent drainage",
      "High productivity"
    ]
  }
]