[
  {
    "event_id": "graze_0001",
    "field_id": "field_001",
    "farm_id": "farm_001",
    "livestock_type": "sheep",
    "head_count": 46,
    "start_date": "2025-11-24T20:30:07.986927",
    "end_date": "2025-11-27T20:30:07.986929",
    "stocking_rate": 1.3,
    "utilization_pct": 47,
    "notes": "Strip grazing"
  },
  {
    "event_id": "graze_0002",
    "field_id": "field_001",
    "farm_id": "farm_001",
    "livestock_type": "goats",
    "head_count": 42,
    "start_date": "2025-10-03T20:30:07.986946",
    "end_date": "2025-10-13T20:30:07.986948",
    "stocking_rate": 3.8,
    "utilization_pct": 54,
    "notes": "Strip grazing"
  },
  {
    "event_id": "graze_0003",
    "field_id": "field_001",
    "farm_id": "farm_001",
    "livestock_type": "goats",
    "head_count": 67,
    "start_date": "2025-11-11T20:30:07.986955",
    "end_date": "2025-11-18T20:30:07.986956",
    "stocking_rate": 3.9,
    "utilization_pct": 41,
    "notes": "Strip grazing"
  },
  {
    "event_id": "graze_0004",
    "field_id": "field_001",
    "farm_id": "farm_001",
    "livestock_type": "horses",
    "head_count": 59,
    "start_date": "2025-11-26T20:30:07.986961",
    "end_date": "2025-12-09T20:30:07.986963",
    "stocking_rate": 2.9,
    "utilization_pct": 66,
    "notes": "Strip grazing"
  },
  {
    "event_id": "graze_0005",
    "field_id": "field_002",
    "farm_id": "farm_001",
    "livestock_type": "goats",
    "head_count": 72,
    "start_date": "2025-10-08T20:30:07.986969",
    "end_date": "2025-10-22T20:30:07.986970",
    "stocking_rate": 2.1,
    "utilization_pct": 78,
    "notes": "Rotational grazing"
  },
  {
    "event_id": "graze_0006",
    "field_id": "field_002",
    "farm_id": "farm_001",
    "livestock_type": "sheep",
    "head_count": 52,
    "start_date": "2025-10-02T20:30:07.986975",
    "end_date": "2025-10-06T20:30:07.986977",
    "stocking_rate": 2.9,
    "utilization_pct": 72,
    "notes": "Strip grazing"
  },
  {
    "event_id": "graze_0007",
    "field_id": "field_002",
    "farm_id": "farm_001",
    "livestock_type": "sheep",
    "head_count": 95,
    "start_date": "2025-12-10T20:30:07.986982",
    "end_date": "2025-12-18T20:30:07.986983",
    "stocking_rate": 1.4,
    "utilization_pct": 70,
    "notes": "Strip grazing"
  },
  {
    "event_id": "graze_0008",
    "field_id": "field_002",
    "farm_id": "farm_001",
    "livestock_type": "horses",
    "head_count": 15,
    "start_date": "2025-09-02T20:30:07.986988",
    "end_date": "2025-09-08T20:30:07.986990",
    "stocking_rate": 1.4,
    "utilization_pct": 67,
    "notes": "Strip grazing"
  },
  {
    "event_id": "graze_0009",
    "field_id": "field_002",
    "farm_id": "farm_001",
    "livestock_type": "horses",
    "head_count": 60,
    "start_date": "2025-07-17T20:30:07.986995",
    "end_date": "2025-07-22T20:30:07.986996",
    "stocking_rate": 1.3,
    "utilization_pct": 46,
    "notes": "Strip grazing"
  },
  {
    "event_id": "graze_0010",
    "field_id": "field_003",
    "farm_id": "farm_001",
    "livestock_type": "goats",
    "head_count": 28,
    "start_date": "2025-09-23T20:30:07.987002",
    "end_date": "2025-10-03T20:30:07.987004",
    "stocking_rate": 1.4,
    "utilization_pct": 51,
    "notes": "Leader-follower system"
  },
  {
    "event_id": "graze_0011",
    "field_id": "field_003",
    "farm_id": "farm_001",
    "livestock_type": "cattle",
    "head_count": 34,
    "start_date": "2025-09-09T20:30:07.987009",
    "end_date": "2025-09-12T20:30:07.987010",
    "stocking_rate": 2.7,
    "utilization_pct": 67,
    "notes": "Continuous grazing"
  },
  {
    "event_id": "graze_0012",
    "field_id": "field_003",
    "farm_id": "farm_001",
    "livestock_type": "goats",
    "head_count": 81,
    "start_date": "2025-11-14T20:30:07.987015",
    "end_date": "2025-11-17T20:30:07.987016",
    "stocking_rate": 3.2,
    "utilization_pct": 44,
    "notes": "Rotational grazing"
  },
  {
    "event_id": "graze_0013",
    "field_id": "field_003",
    "farm_id": "farm_001",
    "livestock_type": "cattle",
    "head_count": 23,
    "start_date": "2025-12-06T20:30:07.987021",
    "end_date": "2025-12-19T20:30:07.987023",
    "stocking_rate": 1.8,
    "utilization_pct": 75,
    "notes": "Continuous grazing"
  },
  {
    "event_id": "graze_0014",
    "field_id": "field_003",
    "farm_id": "farm_001",
    "livestock_type": "sheep",
    "head_count": 89,
    "start_date": "2025-07-26T20:30:07.987028",
    "end_date": "2025-07-30T20:30:07.987029",
    "stocking_rate": 2.3,
    "utilization_pct": 62,
    "notes": "Leader-follower system"
  },
  {
    "event_id": "graze_0015",
    "field_id": "field_003",
    "farm_id": "farm_001",
    "livestock_type": "horses",
    "head_count": 39,
    "start_date": "2025-10-21T20:30:07.987034",
    "end_date": "2025-10-31T20:30:07.987035",
    "stocking_rate": 1.1,
    "utilization_pct": 64,
    "notes": "Leader-follower system"
  },
  {
    "event_id": "graze_0016",
    "field_id": "field_004",
    "farm_id": "farm_002",
    "livestock_type": "sheep",
    "head_count": 47,
    "start_date": "2025-10-23T20:30:07.987041",
    "end_date": "2025-11-01T20:30:07.987042",
    "stocking_rate": 1.5,
    "utilization_pct": 40,
    "notes": "Continuous grazing"
  },
  {
    "event_id": "graze_0017",
    "field_id": "field_004",
    "farm_id": "farm_002",
    "livestock_type": "cattle",
    "head_count": 56,
    "start_date": "2025-10-21T20:30:07.987047",
    "end_date": "2025-11-03T20:30:07.987048",
    "stocking_rate": 2.2,
    "utilization_pct": 54,
    "notes": "Strip grazing"
  },
  {
    "event_id": "graze_0018",
    "field_id": "field_004",
    "farm_id": "farm_002",
    "livestock_type": "horses",
    "head_count": 82,
    "start_date": "2025-10-20T20:30:07.987054",
    "end_date": "2025-11-01T20:30:07.987055",
    "stocking_rate": 1.8,
    "utilization_pct": 56,
    "notes": "Continuous grazing"
  },
  {
    "event_id": "graze_0019",
    "field_id": "field_004",
    "farm_id": "farm_002",
    "livestock_type": "goats",
    "head_count": 68,
    "start_date": "2025-10-22T20:30:07.987060",
    "end_date": "2025-10-30T20:30:07.987061",
    "stocking_rate": 2.5,
    "utilization_pct": 41,
    "notes": "Strip grazing"
  },
  {
    "event_id": "graze_0020",
    "field_id": "field_004",
    "farm_id": "farm_002",
    "livestock_type": "sheep",
    "head_count": 71,
    "start_date": "2025-10-21T20:30:07.987069",
    "end_date": "2025-10-28T20:30:07.987070",
    "stocking_rate": 3.6,
    "utilization_pct": 71,
    "notes": "Rotational grazing"
  },
  {
    "event_id": "graze_0021",
    "field_id": "field_004",
    "farm_id": "farm_002",
    "livestock_type": "cattle",
    "head_count": 96,
    "start_date": "2025-07-18T20:30:07.987075",
    "end_date": "2025-08-01T20:30:07.987077",
    "stocking_rate": 2.4,
    "utilization_pct": 50,
    "notes": "Leader-follower system"
  },
  {
    "event_id": "graze_0022",
    "field_id": "field_005",
    "farm_id": "farm_002",
    "livestock_type": "horses",
    "head_count": 50,
    "start_date": "2025-07-25T20:30:07.987082",
    "end_date": "2025-08-02T20:30:07.987083",
    "stocking_rate": 4.0,
    "utilization_pct": 50,
    "notes": "Continuous grazing"
  },
  {
    "event_id": "graze_0023",
    "field_id": "field_005",
    "farm_id": "farm_002",
    "livestock_type": "horses",
    "head_count": 35,
    "start_date": "2025-08-13T20:30:07.987090",
    "end_date": "2025-08-20T20:30:07.987092",
    "stocking_rate": 1.5,
    "utilization_pct": 49,
    "notes": "Continuous grazing"
  },
  {
    "event_id": "graze_0024",
    "field_id": "field_006",
    "farm_id": "farm_002",
    "livestock_type": "sheep",
    "head_count": 63,
    "start_date": "2025-12-08T20:30:07.987097",
    "end_date": "2025-12-18T20:30:07.987099",
    "stocking_rate": 1.9,
    "utilization_pct": 59,
    "notes": "Continuous grazing"
  },
  {
    "event_id": "graze_0025",
    "field_id": "field_006",
    "farm_id": "farm_002",
    "livestock_type": "cattle",
    "head_count": 67,
    "start_date": "2025-11-20T20:30:07.987103",
    "end_date": "2025-11-29T20:30:07.987105",
    "stocking_rate": 1.7,
    "utilization_pct": 59,
    "notes": "Rotational grazing"
  },
  {
    "event_id": "graze_0026",
    "field_id": "field_006",
    "farm_id": "farm_002",
    "livestock_type": "cattle",
    "head_count": 80,
    "start_date": "2025-12-24T20:30:07.987110",
    "end_date": "2025-12-30T20:30:07.987111",
    "stocking_rate": 3.4,
    "utilization_pct": 56,
    "notes": "Leader-follower system"
  },
  {
    "event_id": "graze_0027",
    "field_id": "field_006",
    "farm_id": "farm_002",
    "livestock_type": "goats",
    "head_count": 65,
    "start_date": "2025-09-09T20:30:07.987116",
    "end_date": "2025-09-17T20:30:07.987117",
    "stocking_rate": 2.7,
    "utilization_pct": 78,
    "notes": "Strip grazing"
  },
  {
    "event_id": "graze_0028",
    "field_id": "field_006",
    "farm_id": "farm_002",
    "livestock_type": "sheep",
    "head_count": 68,
    "start_date": "2025-07-24T20:30:07.987122",
    "end_date": "2025-07-30T20:30:07.987124",
    "stocking_rate": 1.3,
    "utilization_pct": 46,
    "notes": "Continuous grazing"
  },
  {
    "event_id": "graze_0029",
    "field_id": "field_007",
    "farm_id": "farm_002",
    "livestock_type": "sheep",
    "head_count": 75,
    "start_date": "2025-08-05T20:30:07.987129",
    "end_date": "2025-08-12T20:30:07.987131",
    "stocking_rate": 1.9,
    "utilization_pct": 57,
    "notes": "Strip grazing"
  },
  {
    "event_id": "graze_0030",
    "field_id": "field_007",
    "farm_id": "farm_002",
    "livestock_type": "horses",
    "head_count": 37,
    "start_date": "2025-09-12T20:30:07.987135",
    "end_date": "2025-09-17T20:30:07.987137",
    "stocking_rate": 1.9,
    "utilization_pct": 69,
    "notes": "Strip grazing"
  },
  {
    "event_id": "graze_0031",
    "field_id": "field_007",
    "farm_id": "farm_002",
    "livestock_type": "goats",
    "head_count": 90,
    "start_date": "2025-08-22T20:30:07.987141",
    "end_date": "2025-08-28T20:30:07.987143",
    "stocking_rate": 1.1,
    "utilization_pct": 50,
    "notes": "Strip grazing"
  },
  {
    "event_id": "graze_0032",
    "field_id": "field_007",
    "farm_id": "farm_002",
    "livestock_type": "horses",
    "head_count": 89,
    "start_date": "2025-10-25T20:30:07.987148",
    "end_date": "2025-10-28T20:30:07.987149",
    "stocking_rate": 3.9,
    "utilization_pct": 61,
    "notes": "Continuous grazing"
  },
  {
    "event_id": "graze_0033",
    "field_id": "field_007",
    "farm_id": "farm_002",
    "livestock_type": "sheep",
    "head_count": 18,
    "start_date": "2025-08-26T20:30:07.987154",
    "end_date": "2025-09-06T20:30:07.987155",
    "stocking_rate": 3.6,
    "utilization_pct": 41,
    "notes": "Leader-follower system"
  },
  {
    "event_id": "graze_0034",
    "field_id": "field_007",
    "farm_id": "farm_002",
    "livestock_type": "horses",
    "head_count": 85,
    "start_date": "2025-08-19T20:30:07.987161",
    "end_date": "2025-08-25T20:30:07.987162",
    "stocking_rate": 1.2,
    "utilization_pct": 65,
    "notes": "Leader-follower system"
  },
  {
    "event_id": "graze_0035",
    "field_id": "field_008",
    "farm_id": "farm_002",
    "livestock_type": "horses",
    "head_count": 20,
    "start_date": "2025-12-12T20:30:07.987167",
    "end_date": "2025-12-23T20:30:07.987169",
    "stocking_rate": 1.3,
    "utilization_pct": 48,
    "notes": "Continuous grazing"
  },
  {
    "event_id": "graze_0036",
    "field_id": "field_008",
    "farm_id": "farm_002",
    "livestock_type": "horses",
    "head_count": 26,
    "start_date": "2025-11-08T20:30:07.987176",
    "end_date": "2025-11-19T20:30:07.987178",
    "stocking_rate": 2.8,
    "utilization_pct": 45,
    "notes": "Leader-follower system"
  },
  {
    "event_id": "graze_0037",
    "field_id": "field_008",
    "farm_id": "farm_002",
    "livestock_type": "goats",
    "head_count": 50,
    "start_date": "2025-10-12T20:30:07.987182",
    "end_date": "2025-10-16T20:30:07.987184",
    "stocking_rate": 2.7,
    "utilization_pct": 48,
    "notes": "Continuous grazing"
  },
  {
    "event_id": "graze_0038",
    "field_id": "field_009",
    "farm_id": "farm_002",
    "livestock_type": "cattle",
    "head_count": 35,
    "start_date": "2025-08-23T20:30:07.987189",
    "end_date": "2025-09-04T20:30:07.987191",
    "stocking_rate": 3.9,
    "utilization_pct": 79,
    "notes": "Strip grazing"
  },
  {
    "event_id": "graze_0039",
    "field_id": "field_009",
    "farm_id": "farm_002",
    "livestock_type": "sheep",
    "head_count": 71,
    "start_date": "2025-11-27T20:30:07.987196",
    "end_date": "2025-12-07T20:30:07.987197",
    "stocking_rate": 1.9,
    "utilization_pct": 68,
    "notes": "Continuous grazing"
  },
  {
    "event_id": "graze_0040",
    "field_id": "field_009",
    "farm_id": "farm_002",
    "livestock_type": "goats",
    "head_count": 56,
    "start_date": "2025-09-23T20:30:07.987204",
    "end_date": "2025-10-06T20:30:07.987206",
    "stocking_rate": 3.7,
    "utilization_pct": 70,
    "notes": "Continuous grazing"
  },
  {
    "event_id": "graze_0041",
    "field_id": "field_009",
    "farm_id": "farm_002",
    "livestock_type": "sheep",
    "head_count": 71,
    "start_date": "2025-08-08T20:30:07.987211",
    "end_date": "2025-08-18T20:30:07.987212",
    "stocking_rate": 1.1,
    "utilization_pct": 54,
    "notes": "Strip grazing"
  },
  {
    "event_id": "graze_0042",
    "field_id": "field_009",
    "farm_id": "farm_002",
    "livestock_type": "horses",
    "head_count": 62,
    "start_date": "2025-09-10T20:30:07.987217",
    "end_date": "2025-09-22T20:30:07.987218",
    "stocking_rate": 1.9,
    "utilization_pct": 52,
    "notes": "Strip grazing"
  },
  {
    "event_id": "graze_0043",
    "field_id": "field_010",
    "farm_id": "farm_002",
    "livestock_type": "cattle",
    "head_count": 43,
    "start_date": "2025-08-27T20:30:07.987224",
    "end_date": "2025-09-09T20:30:07.987225",
    "stocking_rate": 1.7,
    "utilization_pct": 44,
    "notes": "Continuous grazing"
  },
  {
    "event_id": "graze_0044",
    "field_id": "field_010",
    "farm_id": "farm_002",
    "livestock_type": "goats",
    "head_count": 55,
    "start_date": "2025-09-26T20:30:07.987230",
    "end_date": "2025-10-03T20:30:07.987232",
    "stocking_rate": 3.9,
    "utilization_pct": 76,
    "notes": "Rotational grazing"
  },
  {
    "event_id": "graze_0045",
    "field_id": "field_010",
    "farm_id": "farm_002",
    "livestock_type": "horses",
    "head_count": 69,
    "start_date": "2025-09-13T20:30:07.987236",
    "end_date": "2025-09-23T20:30:07.987238",
    "stocking_rate": 2.5,
    "utilization_pct": 53,
    "notes": "Rotational grazing"
  },
  {
    "event_id": "graze_0046",
    "field_id": "field_010",
    "farm_id": "farm_002",
    "livestock_type": "cattle",
    "head_count": 31,
    "start_date": "2025-10-22T20:30:07.987243",
    "end_date": "2025-11-04T20:30:07.987244",
    "stocking_rate": 3.9,
    "utilization_pct": 62,
    "notes": "Rotational grazing"
  },
  {
    "event_id": "graze_0047",
    "field_id": "field_011",
    "farm_id": "farm_003",
    "livestock_type": "horses",
    "head_count": 68,
    "start_date": "2025-07-25T20:30:07.987249",
    "end_date": "2025-08-05T20:30:07.987251",
    "stocking_rate": 3.0,
    "utilization_pct": 77,
    "notes": "Leader-follower system"
  },
  {
    "event_id": "graze_0048",
    "field_id": "field_011",
    "farm_id": "farm_003",
    "livestock_type": "sheep",
    "head_count": 63,
    "start_date": "2025-10-15T20:30:07.987256",
    "end_date": "2025-10-20T20:30:07.987259",
    "stocking_rate": 1.6,
    "utilization_pct": 61,
    "notes": "Continuous grazing"
  },
  {
    "event_id": "graze_0049",
    "field_id": "field_011",
    "farm_id": "farm_003",
    "livestock_type": "goats",
    "head_count": 60,
    "start_date": "2025-11-30T20:30:07.987264",
    "end_date": "2025-12-06T20:30:07.987265",
    "stocking_rate": 3.0,
    "utilization_pct": 40,
    "notes": "Leader-follower system"
  },
  {
    "event_id": "graze_0050",
    "field_id": "field_011",
    "farm_id": "farm_003",
    "livestock_type": "horses",
    "head_count": 84,
    "start_date": "2025-08-24T20:30:07.987270",
    "end_date": "2025-09-02T20:30:07.987272",
    "stocking_rate": 2.8,
    "utilization_pct": 60,
    "notes": "Continuous grazing"
  },
  {
    "event_id": "graze_0051",
    "field_id": "field_011",
    "farm_id": "farm_003",
    "livestock_type": "goats",
    "head_count": 88,
    "start_date": "2025-11-25T20:30:07.987276",
    "end_date": "2025-12-09T20:30:07.987278",
    "stocking_rate": 3.5,
    "utilization_pct": 55,
    "notes": "Continuous grazing"
  },
  {
    "event_id": "graze_0052",
    "field_id": "field_012",
    "farm_id": "farm_003",
    "livestock_type": "horses",
    "head_count": 23,
    "start_date": "2025-09-01T20:30:07.987283",
    "end_date": "2025-09-11T20:30:07.987284",
    "stocking_rate": 1.3,
    "utilization_pct": 49,
    "notes": "Rotational grazing"
  },
  {
    "event_id": "graze_0053",
    "field_id": "field_012",
    "farm_id": "farm_003",
    "livestock_type": "cattle",
    "head_count": 23,
    "start_date": "2025-11-12T20:30:07.987289",
    "end_date": "2025-11-15T20:30:07.987290",
    "stocking_rate": 1.1,
    "utilization_pct": 74,
    "notes": "Leader-follower system"
  },
  {
    "event_id": "graze_0054",
    "field_id": "field_012",
    "farm_id": "farm_003",
    "livestock_type": "sheep",
    "head_count": 49,
    "start_date": "2025-11-15T20:30:07.987296",
    "end_date": "2025-11-21T20:30:07.987297",
    "stocking_rate": 3.5,
    "utilization_pct": 75,
    "notes": "Rotational grazing"
  },
  {
    "event_id": "graze_0055",
    "field_id": "field_012",
    "farm_id": "farm_003",
    "livestock_type": "sheep",
    "head_count": 64,
    "start_date": "2025-08-09T20:30:07.987302",
    "end_date": "2025-08-21T20:30:07.987304",
    "stocking_rate": 1.3,
    "utilization_pct": 40,
    "notes": "Strip grazing"
  },
  {
    "event_id": "graze_0056",
    "field_id": "field_012",
    "farm_id": "farm_003",
    "livestock_type": "sheep",
    "head_count": 26,
    "start_date": "2025-07-15T20:30:07.987308",
    "end_date": "2025-07-25T20:30:07.987310",
    "stocking_rate": 1.1,
    "utilization_pct": 50,
    "notes": "Strip grazing"
  },
  {
    "event_id": "graze_0057",
    "field_id": "field_013",
    "farm_id": "farm_003",
    "livestock_type": "goats",
    "head_count": 95,
    "start_date": "2025-09-11T20:30:07.987315",
    "end_date": "2025-09-23T20:30:07.987316",
    "stocking_rate": 3.8,
    "utilization_pct": 67,
    "notes": "Strip grazing"
  },
  {
    "event_id": "graze_0058",
    "field_id": "field_013",
    "farm_id": "farm_003",
    "livestock_type": "cattle",
    "head_count": 25,
    "start_date": "2025-08-08T20:30:07.987321",
    "end_date": "2025-08-15T20:30:07.987323",
    "stocking_rate": 2.1,
    "utilization_pct": 43,
    "notes": "Continuous grazing"
  },
  {
    "event_id": "graze_0059",
    "field_id": "field_013",
    "farm_id": "farm_003",
    "livestock_type": "goats",
    "head_count": 16,
    "start_date": "2025-08-26T20:30:07.987330",
    "end_date": "2025-08-30T20:30:07.987331",
    "stocking_rate": 4.0,
    "utilization_pct": 76,
    "notes": "Rotational grazing"
  },
  {
    "event_id": "graze_0060",
    "field_id": "field_013",
    "farm_id": "farm_003",
    "livestock_type": "cattle",
    "head_count": 83,
    "start_date": "2025-11-11T20:30:07.987336",
    "end_date": "2025-11-25T20:30:07.987337",
    "stocking_rate": 3.1,
    "utilization_pct": 69,
    "notes": "Continuous grazing"
  },
  {
    "event_id": "graze_0061",
    "field_id": "field_013",
    "farm_id": "farm_003",
    "livestock_type": "goats",
    "head_count": 54,
    "start_date": "2025-08-03T20:30:07.987342",
    "end_date": "2025-08-12T20:30:07.987343",
    "stocking_rate": 2.8,
    "utilization_pct": 50,
    "notes": "Continuous grazing"
  },
  {
    "event_id": "graze_0062",
    "field_id": "field_013",
    "farm_id": "farm_003",
    "livestock_type": "cattle",
    "head_count": 99,
    "start_date": "2025-09-12T20:30:07.987348",
    "end_date": "2025-09-20T20:30:07.987350",
    "stocking_rate": 1.0,
    "utilization_pct": 49,
    "notes": "Leader-follower system"
  },
  {
    "event_id": "graze_0063",
    "field_id": "field_014",
    "farm_id": "farm_003",
    "livestock_type": "sheep",
    "head_count": 37,
    "start_date": "2025-07-14T20:30:07.987355",
    "end_date": "2025-07-27T20:30:07.987357",
    "stocking_rate": 3.0,
    "utilization_pct": 80,
    "notes": "Continuous grazing"
  },
  {
    "event_id": "graze_0064",
    "field_id": "field_014",
    "farm_id": "farm_003",
    "livestock_type": "cattle",
    "head_count": 66,
    "start_date": "2025-11-15T20:30:07.987361",
    "end_date": "2025-11-20T20:30:07.987363",
    "stocking_rate": 3.5,
    "utilization_pct": 58,
    "notes": "Rotational grazing"
  },
  {
    "event_id": "graze_0065",
    "field_id": "field_014",
    "farm_id": "farm_003",
    "livestock_type": "cattle",
    "head_count": 33,
    "start_date": "2025-09-18T20:30:07.987367",
    "end_date": "2025-10-02T20:30:07.987369",
    "stocking_rate": 1.6,
    "utilization_pct": 64,
    "notes": "Rotational grazing"
  },
  {
    "event_id": "graze_0066",
    "field_id": "field_014",
    "farm_id": "farm_003",
    "livestock_type": "goats",
    "head_count": 53,
    "start_date": "2025-10-07T20:30:07.987374",
    "end_date": "2025-10-16T20:30:07.987375",
    "stocking_rate": 3.4,
    "utilization_pct": 41,
    "notes": "Rotational grazing"
  },
  {
    "event_id": "graze_0067",
    "field_id": "field_015",
    "farm_id": "farm_003",
    "livestock_type": "horses",
    "head_count": 10,
    "start_date": "2025-09-10T20:30:07.987380",
    "end_date": "2025-09-22T20:30:07.987384",
    "stocking_rate": 2.5,
    "utilization_pct": 40,
    "notes": "Strip grazing"
  },
  {
    "event_id": "graze_0068",
    "field_id": "field_015",
    "farm_id": "farm_003",
    "livestock_type": "horses",
    "head_count": 19,
    "start_date": "2025-08-15T20:30:07.987389",
    "end_date": "2025-08-25T20:30:07.987390",
    "stocking_rate": 3.1,
    "utilization_pct": 77,
    "notes": "Strip grazing"
  },
  {
    "event_id": "graze_0069",
    "field_id": "field_015",
    "farm_id": "farm_003",
    "livestock_type": "goats",
    "head_count": 73,
    "start_date": "2025-10-15T20:30:07.987395",
    "end_date": "2025-10-22T20:30:07.987396",
    "stocking_rate": 3.4,
    "utilization_pct": 63,
    "notes": "Strip grazing"
  },
  {
    "event_id": "graze_0070",
    "field_id": "field_016",
    "farm_id": "farm_004",
    "livestock_type": "goats",
    "head_count": 80,
    "start_date": "2025-07-25T20:30:07.987402",
    "end_date": "2025-08-01T20:30:07.987403",
    "stocking_rate": 3.9,
    "utilization_pct": 42,
    "notes": "Leader-follower system"
  },
  {
    "event_id": "graze_0071",
    "field_id": "field_016",
    "farm_id": "farm_004",
    "livestock_type": "horses",
    "head_count": 69,
    "start_date": "2025-10-05T20:30:07.987408",
    "end_date": "2025-10-10T20:30:07.987409",
    "stocking_rate": 2.7,
    "utilization_pct": 62,
    "notes": "Rotational grazing"
  },
  {
    "event_id": "graze_0072",
    "field_id": "field_017",
    "farm_id": "farm_004",
    "livestock_type": "sheep",
    "head_count": 25,
    "start_date": "2025-12-25T20:30:07.987414",
    "end_date": "2026-01-04T20:30:07.987416",
    "stocking_rate": 3.7,
    "utilization_pct": 43,
    "notes": "Leader-follower system"
  },
  {
    "event_id": "graze_0073",
    "field_id": "field_017",
    "farm_id": "farm_004",
    "livestock_type": "horses",
    "head_count": 83,
    "start_date": "2025-08-10T20:30:07.987421",
    "end_date": "2025-08-23T20:30:07.987422",
    "stocking_rate": 2.0,
    "utilization_pct": 50,
    "notes": "Rotational grazing"
  },
  {
    "event_id": "graze_0074",
    "field_id": "field_017",
    "farm_id": "farm_004",
    "livestock_type": "goats",
    "head_count": 72,
    "start_date": "2025-07-17T20:30:07.987429",
    "end_date": "2025-07-24T20:30:07.987431",
    "stocking_rate": 1.4,
    "utilization_pct": 80,
    "notes": "Strip grazing"
  },
  {
    "event_id": "graze_0075",
    "field_id": "field_017",
    "farm_id": "farm_004",
    "livestock_type": "horses",
    "head_count": 23,
    "start_date": "2025-08-28T20:30:07.987445",
    "end_date": "2025-09-07T20:30:07.987447",
    "stocking_rate": 1.6,
    "utilization_pct": 61,
    "notes": "Rotational grazing"
  },
  {
    "event_id": "graze_0076",
    "field_id": "field_018",
    "farm_id": "farm_004",
    "livestock_type": "horses",
    "head_count": 99,
    "start_date": "2025-11-14T20:30:07.987452",
    "end_date": "2025-11-26T20:30:07.987454",
    "stocking_rate": 2.4,
    "utilization_pct": 64,
    "notes": "Strip grazing"
  },
  {
    "event_id": "graze_0077",
    "field_id": "field_018",
    "farm_id": "farm_004",
    "livestock_type": "sheep",
    "head_count": 88,
    "start_date": "2025-10-14T20:30:07.987458",
    "end_date": "2025-10-17T20:30:07.987460",
    "stocking_rate": 2.1,
    "utilization_pct": 43,
    "notes": "Strip grazing"
  },
  {
    "event_id": "graze_0078",
    "field_id": "field_019",
    "farm_id": "farm_004",
    "livestock_type": "goats",
    "head_count": 41,
    "start_date": "2025-10-20T20:30:07.987466",
    "end_date": "2025-11-01T20:30:07.987468",
    "stocking_rate": 3.6,
    "utilization_pct": 72,
    "notes": "Continuous grazing"
  },
  {
    "event_id": "graze_0079",
    "field_id": "field_019",
    "farm_id": "farm_004",
    "livestock_type": "horses",
    "head_count": 14,
    "start_date": "2025-07-27T20:30:07.987475",
    "end_date": "2025-08-01T20:30:07.987477",
    "stocking_rate": 1.6,
    "utilization_pct": 56,
    "notes": "Rotational grazing"
  },
  {
    "event_id": "graze_0080",
    "field_id": "field_019",
    "farm_id": "farm_004",
    "livestock_type": "sheep",
    "head_count": 97,
    "start_date": "2025-09-19T20:30:07.987482",
    "end_date": "2025-09-26T20:30:07.987483",
    "stocking_rate": 2.3,
    "utilization_pct": 49,
    "notes": "Leader-follower system"
  },
  {
    "event_id": "graze_0081",
    "field_id": "field_019",
    "farm_id": "farm_004",
    "livestock_type": "sheep",
    "head_count": 22,
    "start_date": "2025-11-27T20:30:07.987488",
    "end_date": "2025-12-06T20:30:07.987490",
    "stocking_rate": 3.9,
    "utilization_pct": 75,
    "notes": "Continuous grazing"
  },
  {
    "event_id": "graze_0082",
    "field_id": "field_019",
    "farm_id": "farm_004",
    "livestock_type": "sheep",
    "head_count": 23,
    "start_date": "2025-11-28T20:30:07.987494",
    "end_date": "2025-12-08T20:30:07.987496",
    "stocking_rate": 3.9,
    "utilization_pct": 64,
    "notes": "Strip grazing"
  },
  {
    "event_id": "graze_0083",
    "field_id": "field_019",
    "farm_id": "farm_004",
    "livestock_type": "cattle",
    "head_count": 83,
    "start_date": "2025-12-23T20:30:07.987501",
    "end_date": "2025-12-26T20:30:07.987502",
    "stocking_rate": 2.2,
    "utilization_pct": 48,
    "notes": "Rotational grazing"
  },
  {
    "event_id": "graze_0084",
    "field_id": "field_020",
    "farm_id": "farm_005",
    "livestock_type": "goats",
    "head_count": 95,
    "start_date": "2025-10-18T20:30:07.987508",
    "end_date": "2025-10-28T20:30:07.987509",
    "stocking_rate": 1.3,
    "utilization_pct": 49,
    "notes": "Strip grazing"
  },
  {
    "event_id": "graze_0085",
    "field_id": "field_020",
    "farm_id": "farm_005",
    "livestock_type": "goats",
    "head_count": 93,
    "start_date": "2025-08-22T20:30:07.987514",
    "end_date": "2025-08-27T20:30:07.987516",
    "stocking_rate": 3.3,
    "utilization_pct": 67,
    "notes": "Strip grazing"
  },
  {
    "event_id": "graze_0086",
    "field_id": "field_020",
    "farm_id": "farm_005",
    "livestock_type": "sheep",
    "head_count": 56,
    "start_date": "2025-12-23T20:30:07.987520",
    "end_date": "2025-12-31T20:30:07.987522",
    "stocking_rate": 1.5,
    "utilization_pct": 69,
    "notes": "Continuous grazing"
  },
  {
    "event_id": "graze_0087",
    "field_id": "field_021",
    "farm_id": "farm_005",
    "livestock_type": "goats",
    "head_count": 70,
    "start_date": "2025-08-24T20:30:07.987527",
    "end_date": "2025-09-03T20:30:07.987529",
    "stocking_rate": 2.6,
    "utilization_pct": 62,
    "notes": "Continuous grazing"
  },
  {
    "event_id": "graze_0088",
    "field_id": "field_021",
    "farm_id": "farm_005",
    "livestock_type": "cattle",
    "head_count": 12,
    "start_date": "2025-11-21T20:30:07.987534",
    "end_date": "2025-12-02T20:30:07.987535",
    "stocking_rate": 2.3,
    "utilization_pct": 66,
    "notes": "Continuous grazing"
  },
  {
    "event_id": "graze_0089",
    "field_id": "field_021",
    "farm_id": "farm_005",
    "livestock_type": "goats",
    "head_count": 88,
    "start_date": "2025-08-18T20:30:07.987540",
    "end_date": "2025-08-26T20:30:07.987542",
    "stocking_rate": 3.3,
    "utilization_pct": 67,
    "notes": "Continuous grazing"
  },
  {
    "event_id": "graze_0090",
    "field_id": "field_021",
    "farm_id": "farm_005",
    "livestock_type": "horses",
    "head_count": 39,
    "start_date": "2025-08-09T20:30:07.987546",
    "end_date": "2025-08-21T20:30:07.987548",
    "stocking_rate": 1.7,
    "utilization_pct": 58,
    "notes": "Leader-follower system"
  },
  {
    "event_id": "graze_0091",
    "field_id": "field_021",
    "farm_id": "farm_005",
    "livestock_type": "goats",
    "head_count": 32,
    "start_date": "2025-10-28T20:30:07.987553",
    "end_date": "2025-11-06T20:30:07.987554",
    "stocking_rate": 3.7,
    "utilization_pct": 51,
    "notes": "Leader-follower system"
  },
  {
    "event_id": "graze_0092",
    "field_id": "field_022",
    "farm_id": "farm_005",
    "livestock_type": "cattle",
    "head_count": 32,
    "start_date": "2025-07-30T20:30:07.987560",
    "end_date": "2025-08-08T20:30:07.987561",
    "stocking_rate": 2.8,
    "utilization_pct": 67,
    "notes": "Strip grazing"
  },
  {
    "event_id": "graze_0093",
    "field_id": "field_022",
    "farm_id": "farm_005",
    "livestock_type": "goats",
    "head_count": 74,
    "start_date": "2025-12-14T20:30:07.987566",
    "end_date": "2025-12-23T20:30:07.987568",
    "stocking_rate": 1.8,
    "utilization_pct": 56,
    "notes": "Continuous grazing"
  },
  {
    "event_id": "graze_0094",
    "field_id": "field_022",
    "farm_id": "farm_005",
    "livestock_type": "cattle",
    "head_count": 64,
    "start_date": "2025-09-24T20:30:07.987573",
    "end_date": "2025-10-02T20:30:07.987574",
    "stocking_rate": 2.7,
    "utilization_pct": 50,
    "notes": "Continuous grazing"
  },
  {
    "event_id": "graze_0095",
    "field_id": "field_022",
    "farm_id": "farm_005",
    "livestock_type": "cattle",
    "head_count": 12,
    "start_date": "2025-10-21T20:30:07.987579",
    "end_date": "2025-11-01T20:30:07.987581",
    "stocking_rate": 3.9,
    "utilization_pct": 60,
    "notes": "Continuous grazing"
  },
  {
    "event_id": "graze_0096",
    "field_id": "field_022",
    "farm_id": "farm_005",
    "livestock_type": "horses",
    "head_count": 18,
    "start_date": "2025-12-02T20:30:07.987585",
    "end_date": "2025-12-15T20:30:07.987587",
    "stocking_rate": 2.8,
    "utilization_pct": 79,
    "notes": "Strip grazing"
  },
  {
    "event_id": "graze_0097",
    "field_id": "field_022",
    "farm_id": "farm_005",
    "livestock_type": "cattle",
    "head_count": 17,
    "start_date": "2025-12-16T20:30:07.987592",
    "end_date": "2025-12-28T20:30:07.987593",
    "stocking_rate": 1.6,
    "utilization_pct": 75,
    "notes": "Rotational grazing"
  }
]