[
  {
    "event_id": "event_0001",
    "field_id": "field_001",
    "farm_id": "farm_001",
    "treatment_type": "lime",
    "treatment_details": {
      "product": "Agricultural Lime",
      "rate": 2701,
      "unit": "kg/ha",
      "method": "broadcast"
    },
    "applied_date": "2025-07-25T20:30:07.985182",
    "applied_by": "farmer_001",
    "weather_conditions": {
      "temperature_c": 22.8,
      "wind_speed_kmh": 9.2,
      "precipitation_mm": 3.2
    },
    "cost_usd": 376.99,
    "notes": "Response to soil test results",
    "created_at": "2025-07-25T20:30:07.985196"
  },
  {
    "event_id": "event_0002",
    "field_id": "field_001",
    "farm_id": "farm_001",
    "treatment_type": "lime",
    "treatment_details": {
      "product": "Agricultural Lime",
      "rate": 2214,
      "unit": "kg/ha",
      "method": "broadcast"
    },
    "applied_date": "2025-03-03T20:30:07.985214",
    "applied_by": "farmer_001",
    "weather_conditions": {
      "temperature_c": 18.3,
      "wind_speed_kmh": 17.4,
      "precipitation_mm": 5.0
    },
    "cost_usd": 415.76,
    "notes": "Preventive treatment",
    "created_at": "2025-03-03T20:30:07.985221"
  },
  {
    "event_id": "event_0003",
    "field_id": "field_001",
    "farm_id": "farm_001",
    "treatment_type": "herbicide",
    "treatment_details": {
      "product": "2,4-D",
      "rate": 1.8,
      "unit": "L/ha",
      "method": "spray"
    },
    "applied_date": "2025-12-04T20:30:07.985232",
    "applied_by": "farmer_001",
    "weather_conditions": {
      "temperature_c": 15.6,
      "wind_speed_kmh": 3.7,
      "precipitation_mm": 2.8
    },
    "cost_usd": 199.59,
    "notes": "Preventive treatment",
    "created_at": "2025-12-04T20:30:07.985237"
  },
  {
    "event_id": "event_0004",
    "field_id": "field_001",
    "farm_id": "farm_001",
    "treatment_type": "irrigation",
    "treatment_details": {
      "product": "Water",
      "rate": 38,
      "unit": "mm",
      "method": "sprinkler"
    },
    "applied_date": "2025-08-07T20:30:07.985251",
    "applied_by": "farmer_001",
    "weather_conditions": {
      "temperature_c": 15.6,
      "wind_speed_kmh": 7.4,
      "precipitation_mm": 1.7
    },
    "cost_usd": 224.69,
    "notes": "Preventive treatment",
    "created_at": "2025-08-07T20:30:07.985255"
  },
  {
    "event_id": "event_0005",
    "field_id": "field_002",
    "farm_id": "farm_001",
    "treatment_type": "irrigation",
    "treatment_details": {
      "product": "Water",
      "rate": 34,
      "unit": "mm",
      "method": "flood"
    },
    "applied_date": "2025-10-27T20:30:07.985267",
    "applied_by": "farmer_001",
    "weather_conditions": {
      "temperature_c": 23.3,
      "wind_speed_kmh": 9.6,
      "precipitation_mm": 4.2
    },
    "cost_usd": 176.85,
    "notes": "Response to soil test results",
    "created_at": "2025-10-27T20:30:07.985271"
  },
  {
    "event_id": "event_0006",
    "field_id": "field_002",
    "farm_id": "farm_001",
    "treatment_type": "irrigation",
    "treatment_details": {
      "product": "Water",
      "rate": 35,
      "unit": "mm",
      "method": "sprinkler"
    },
    "applied_date": "2025-03-06T20:30:07.985281",
    "applied_by": "farmer_001",
    "weather_conditions": {
      "temperature_c": 11.6,
      "wind_speed_kmh": 19.8,
      "precipitation_mm": 3.8
    },
    "cost_usd": 164.39,
    "notes": "",
    "created_at": "2025-03-06T20:30:07.985285"
  },
  {
    "event_id": "event_0007",
    "field_id": "field_002",
    "farm_id": "farm_001",
    "treatment_type": "overseeding",
    "treatment_details": {
      "product": "Drought-tolerant mix",
      "rate": 14,
      "unit": "kg/ha",
      "method": "broadcast"
    },
    "applied_date": "2025-08-18T20:30:07.985294",
    "applied_by": "farmer_001",
    "weather_conditions": {
      "temperature_c": 23.4,
      "wind_speed_kmh": 7.4,
      "precipitation_mm": 4.9
    },
    "cost_usd": 369.38,
    "notes": "Preventive treatment",
    "created_at": "2025-08-18T20:30:07.985298"
  },
  {
    "event_id": "event_0008",
    "field_id": "field_002",
    "farm_id": "farm_001",
    "treatment_type": "irrigation",
    "treatment_details": {
      "product": "Water",
      "rate": 20,
      "unit": "mm",
      "method": "flood"
    },
    "applied_date": "2025-01-06T20:30:07.985315",
    "applied_by": "farmer_001",
    "weather_conditions": {
      "temperature_c": 24.4,
      "wind_speed_kmh": 0.9,
      "precipitation_mm": 2.7
    },
    "cost_usd": 217.59,
    "notes": "Scheduled maintenance",
    "created_at": "2025-01-06T20:30:07.985319"
  },
  {
    "event_id": "event_0009",
    "field_id": "field_003",
    "farm_id": "farm_001",
    "treatment_type": "overseeding",
    "treatment_details": {
      "product": "Clover blend",
      "rate": 27,
      "unit": "kg/ha",
      "method": "broadcast"
    },
    "applied_date": "2025-12-15T20:30:07.985328",
    "applied_by": "farmer_001",
    "weather_conditions": {
      "temperature_c": 17.9,
      "wind_speed_kmh": 6.0,
      "precipitation_mm": 3.6
    },
    "cost_usd": 69.79,
    "notes": "Preventive treatment",
    "created_at": "2025-12-15T20:30:07.985332"
  },
  {
    "event_id": "event_0010",
    "field_id": "field_003",
    "farm_id": "farm_001",
    "treatment_type": "fertilizer",
    "treatment_details": {
      "product": "Urea 46-0-0",
      "rate": 96,
      "unit": "kg/ha",
      "method": "foliar spray"
    },
    "applied_date": "2025-02-22T20:30:07.985341",
    "applied_by": "farmer_001",
    "weather_conditions": {
      "temperature_c": 18.0,
      "wind_speed_kmh": 12.2,
      "precipitation_mm": 3.1
    },
    "cost_usd": 394.19,
    "notes": "Scheduled maintenance",
    "created_at": "2025-02-22T20:30:07.985345"
  },
  {
    "event_id": "event_0011",
    "field_id": "field_003",
    "farm_id": "farm_001",
    "treatment_type": "mowing",
    "treatment_details": {
      "product": "N/A",
      "rate": 15,
      "unit": "cm_height",
      "method": "rotary"
    },
    "applied_date": "2025-11-25T20:30:07.985354",
    "applied_by": "farmer_001",
    "weather_conditions": {
      "temperature_c": 19.4,
      "wind_speed_kmh": 15.3,
      "precipitation_mm": 4.1
    },
    "cost_usd": 421.44,
    "notes": "",
    "created_at": "2025-11-25T20:30:07.985358"
  },
  {
    "event_id": "event_0012",
    "field_id": "field_003",
    "farm_id": "farm_001",
    "treatment_type": "overseeding",
    "treatment_details": {
      "product": "Clover blend",
      "rate": 30,
      "unit": "kg/ha",
      "method": "broadcast"
    },
    "applied_date": "2025-08-10T20:30:07.985367",
    "applied_by": "farmer_001",
    "weather_conditions": {
      "temperature_c": 24.8,
      "wind_speed_kmh": 14.0,
      "precipitation_mm": 4.8
    },
    "cost_usd": 431.49,
    "notes": "Response to soil test results",
    "created_at": "2025-08-10T20:30:07.985372"
  },
  {
    "event_id": "event_0013",
    "field_id": "field_003",
    "farm_id": "farm_001",
    "treatment_type": "overseeding",
    "treatment_details": {
      "product": "Drought-tolerant mix",
      "rate": 15,
      "unit": "kg/ha",
      "method": "broadcast"
    },
    "applied_date": "2025-05-27T20:30:07.985380",
    "applied_by": "farmer_001",
    "weather_conditions": {
      "temperature_c": 24.5,
      "wind_speed_kmh": 7.2,
      "precipitation_mm": 2.5
    },
    "cost_usd": 79.26,
    "notes": "Routine application",
    "created_at": "2025-05-27T20:30:07.985384"
  },
  {
    "event_id": "event_0014",
    "field_id": "field_003",
    "farm_id": "farm_001",
    "treatment_type": "mowing",
    "treatment_details": {
      "product": "N/A",
      "rate": 12,
      "unit": "cm_height",
      "method": "rotary"
    },
    "applied_date": "2025-10-16T20:30:07.985393",
    "applied_by": "farmer_001",
    "weather_conditions": {
      "temperature_c": 19.9,
      "wind_speed_kmh": 11.4,
      "precipitation_mm": 2.0
    },
    "cost_usd": 347.89,
    "notes": "",
    "created_at": "2025-10-16T20:30:07.985397"
  },
  {
    "event_id": "event_0015",
    "field_id": "field_004",
    "farm_id": "farm_002",
    "treatment_type": "overseeding",
    "treatment_details": {
      "product": "Ryegrass mix",
      "rate": 26,
      "unit": "kg/ha",
      "method": "broadcast"
    },
    "applied_date": "2025-04-07T20:30:07.985407",
    "applied_by": "farmer_002",
    "weather_conditions": {
      "temperature_c": 22.3,
      "wind_speed_kmh": 1.7,
      "precipitation_mm": 1.8
    },
    "cost_usd": 110.21,
    "notes": "Response to soil test results",
    "created_at": "2025-04-07T20:30:07.985411"
  },
  {
    "event_id": "event_0016",
    "field_id": "field_004",
    "farm_id": "farm_002",
    "treatment_type": "lime",
    "treatment_details": {
      "product": "Calcitic Lime",
      "rate": 2704,
      "unit": "kg/ha",
      "method": "broadcast"
    },
    "applied_date": "2025-12-21T20:30:07.985425",
    "applied_by": "farmer_002",
    "weather_conditions": {
      "temperature_c": 24.2,
      "wind_speed_kmh": 7.7,
      "precipitation_mm": 2.6
    },
    "cost_usd": 95.17,
    "notes": "Response to soil test results",
    "created_at": "2025-12-21T20:30:07.985429"
  },
  {
    "event_id": "event_0017",
    "field_id": "field_004",
    "farm_id": "farm_002",
    "treatment_type": "mowing",
    "treatment_details": {
      "product": "N/A",
      "rate": 14,
      "unit": "cm_height",
      "method": "rotary"
    },
    "applied_date": "2025-11-13T20:30:07.985449",
    "applied_by": "farmer_002",
    "weather_conditions": {
      "temperature_c": 20.8,
      "wind_speed_kmh": 8.5,
      "precipitation_mm": 4.6
    },
    "cost_usd": 148.59,
    "notes": "Response to soil test results",
    "created_at": "2025-11-13T20:30:07.985454"
  },
  {
    "event_id": "event_0018",
    "field_id": "field_004",
    "farm_id": "farm_002",
    "treatment_type": "overseeding",
    "treatment_details": {
      "product": "Ryegrass mix",
      "rate": 30,
      "unit": "kg/ha",
      "method": "broadcast"
    },
    "applied_date": "2025-01-12T20:30:07.985465",
    "applied_by": "farmer_002",
    "weather_conditions": {
      "temperature_c": 20.2,
      "wind_speed_kmh": 9.0,
      "precipitation_mm": 4.5
    },
    "cost_usd": 321.23,
    "notes": "Response to soil test results",
    "created_at": "2025-01-12T20:30:07.985469"
  },
  {
    "event_id": "event_0019",
    "field_id": "field_004",
    "farm_id": "farm_002",
    "treatment_type": "irrigation",
    "treatment_details": {
      "product": "Water",
      "rate": 31,
      "unit": "mm",
      "method": "flood"
    },
    "applied_date": "2025-01-18T20:30:07.985478",
    "applied_by": "farmer_002",
    "weather_conditions": {
      "temperature_c": 10.4,
      "wind_speed_kmh": 4.6,
      "precipitation_mm": 2.3
    },
    "cost_usd": 113.23,
    "notes": "Applied before predicted rain",
    "created_at": "2025-01-18T20:30:07.985482"
  },
  {
    "event_id": "event_0020",
    "field_id": "field_005",
    "farm_id": "farm_002",
    "treatment_type": "irrigation",
    "treatment_details": {
      "product": "Water",
      "rate": 20,
      "unit": "mm",
      "method": "drip"
    },
    "applied_date": "2025-06-02T20:30:07.985492",
    "applied_by": "farmer_002",
    "weather_conditions": {
      "temperature_c": 21.6,
      "wind_speed_kmh": 1.4,
      "precipitation_mm": 0.7
    },
    "cost_usd": 67.17,
    "notes": "Routine application",
    "created_at": "2025-06-02T20:30:07.985496"
  },
  {
    "event_id": "event_0021",
    "field_id": "field_005",
    "farm_id": "farm_002",
    "treatment_type": "herbicide",
    "treatment_details": {
      "product": "2,4-D",
      "rate": 2.5,
      "unit": "L/ha",
      "method": "spray"
    },
    "applied_date": "2025-09-08T20:30:07.985504",
    "applied_by": "farmer_002",
    "weather_conditions": {
      "temperature_c": 13.6,
      "wind_speed_kmh": 0.3,
      "precipitation_mm": 4.5
    },
    "cost_usd": 498.26,
    "notes": "Response to soil test results",
    "created_at": "2025-09-08T20:30:07.985508"
  },
  {
    "event_id": "event_0022",
    "field_id": "field_005",
    "farm_id": "farm_002",
    "treatment_type": "fertilizer",
    "treatment_details": {
      "product": "Urea 46-0-0",
      "rate": 35,
      "unit": "kg/ha",
      "method": "broadcast"
    },
    "applied_date": "2025-04-26T20:30:07.985517",
    "applied_by": "farmer_002",
    "weather_conditions": {
      "temperature_c": 21.1,
      "wind_speed_kmh": 15.8,
      "precipitation_mm": 4.9
    },
    "cost_usd": 74.18,
    "notes": "Response to soil test results",
    "created_at": "2025-04-26T20:30:07.985521"
  },
  {
    "event_id": "event_0023",
    "field_id": "field_006",
    "farm_id": "farm_002",
    "treatment_type": "fertilizer",
    "treatment_details": {
      "product": "NPK 10-10-10",
      "rate": 54,
      "unit": "kg/ha",
      "method": "broadcast"
    },
    "applied_date": "2025-03-29T20:30:07.985530",
    "applied_by": "farmer_002",
    "weather_conditions": {
      "temperature_c": 13.4,
      "wind_speed_kmh": 5.7,
      "precipitation_mm": 1.8
    },
    "cost_usd": 87.6,
    "notes": "Preventive treatment",
    "created_at": "2025-03-29T20:30:07.985534"
  },
  {
    "event_id": "event_0024",
    "field_id": "field_006",
    "farm_id": "farm_002",
    "treatment_type": "mowing",
    "treatment_details": {
      "product": "N/A",
      "rate": 9,
      "unit": "cm_height",
      "method": "rotary"
    },
    "applied_date": "2025-04-28T20:30:07.985542",
    "applied_by": "farmer_002",
    "weather_conditions": {
      "temperature_c": 13.6,
      "wind_speed_kmh": 1.8,
      "precipitation_mm": 2.0
    },
    "cost_usd": 293.61,
    "notes": "Applied before predicted rain",
    "created_at": "2025-04-28T20:30:07.985546"
  },
  {
    "event_id": "event_0025",
    "field_id": "field_006",
    "farm_id": "farm_002",
    "treatment_type": "overseeding",
    "treatment_details": {
      "product": "Ryegrass mix",
      "rate": 12,
      "unit": "kg/ha",
      "method": "broadcast"
    },
    "applied_date": "2025-09-04T20:30:07.985555",
    "applied_by": "farmer_002",
    "weather_conditions": {
      "temperature_c": 10.4,
      "wind_speed_kmh": 9.0,
      "precipitation_mm": 1.0
    },
    "cost_usd": 397.76,
    "notes": "Routine application",
    "created_at": "2025-09-04T20:30:07.985559"
  },
  {
    "event_id": "event_0026",
    "field_id": "field_006",
    "farm_id": "farm_002",
    "treatment_type": "overseeding",
    "treatment_details": {
      "product": "Clover blend",
      "rate": 17,
      "unit": "kg/ha",
      "method": "broadcast"
    },
    "applied_date": "2025-07-11T20:30:07.985570",
    "applied_by": "farmer_002",
    "weather_conditions": {
      "temperature_c": 11.9,
      "wind_speed_kmh": 3.4,
      "precipitation_mm": 0.9
    },
    "cost_usd": 433.48,
    "notes": "Scheduled maintenance",
    "created_at": "2025-07-11T20:30:07.985574"
  },
  {
    "event_id": "event_0027",
    "field_id": "field_006",
    "farm_id": "farm_002",
    "treatment_type": "overseeding",
    "treatment_details": {
      "product": "Clover blend",
      "rate": 27,
      "unit": "kg/ha",
      "method": "broadcast"
    },
    "applied_date": "2025-03-12T20:30:07.985583",
    "applied_by": "farmer_002",
    "weather_conditions": {
      "temperature_c": 18.4,
      "wind_speed_kmh": 17.6,
      "precipitation_mm": 3.1
    },
    "cost_usd": 459.26,
    "notes": "Applied before predicted rain",
    "created_at": "2025-03-12T20:30:07.985587"
  },
  {
    "event_id": "event_0028",
    "field_id": "field_006",
    "farm_id": "farm_002",
    "treatment_type": "irrigation",
    "treatment_details": {
      "product": "Water",
      "rate": 33,
      "unit": "mm",
      "method": "drip"
    },
    "applied_date": "2025-10-29T20:30:07.985598",
    "applied_by": "farmer_002",
    "weather_conditions": {
      "temperature_c": 17.7,
      "wind_speed_kmh": 18.9,
      "precipitation_mm": 2.2
    },
    "cost_usd": 257.52,
    "notes": "Routine application",
    "created_at": "2025-10-29T20:30:07.985602"
  },
  {
    "event_id": "event_0029",
    "field_id": "field_007",
    "farm_id": "farm_002",
    "treatment_type": "lime",
    "treatment_details": {
      "product": "Agricultural Lime",
      "rate": 2094,
      "unit": "kg/ha",
      "method": "broadcast"
    },
    "applied_date": "2025-08-19T20:30:07.985620",
    "applied_by": "farmer_002",
    "weather_conditions": {
      "temperature_c": 19.0,
      "wind_speed_kmh": 19.4,
      "precipitation_mm": 1.3
    },
    "cost_usd": 423.56,
    "notes": "Scheduled maintenance",
    "created_at": "2025-08-19T20:30:07.985626"
  },
  {
    "event_id": "event_0030",
    "field_id": "field_007",
    "farm_id": "farm_002",
    "treatment_type": "irrigation",
    "treatment_details": {
      "product": "Water",
      "rate": 43,
      "unit": "mm",
      "method": "flood"
    },
    "applied_date": "2025-02-17T20:30:07.985635",
    "applied_by": "farmer_002",
    "weather_conditions": {
      "temperature_c": 14.2,
      "wind_speed_kmh": 8.4,
      "precipitation_mm": 1.5
    },
    "cost_usd": 203.75,
    "notes": "Routine application",
    "created_at": "2025-02-17T20:30:07.985639"
  },
  {
    "event_id": "event_0031",
    "field_id": "field_007",
    "farm_id": "farm_002",
    "treatment_type": "mowing",
    "treatment_details": {
      "product": "N/A",
      "rate": 9,
      "unit": "cm_height",
      "method": "rotary"
    },
    "applied_date": "2025-11-28T20:30:07.985648",
    "applied_by": "farmer_002",
    "weather_conditions": {
      "temperature_c": 11.1,
      "wind_speed_kmh": 3.2,
      "precipitation_mm": 2.7
    },
    "cost_usd": 203.58,
    "notes": "Preventive treatment",
    "created_at": "2025-11-28T20:30:07.985652"
  },
  {
    "event_id": "event_0032",
    "field_id": "field_007",
    "farm_id": "farm_002",
    "treatment_type": "lime",
    "treatment_details": {
      "product": "Agricultural Lime",
      "rate": 2425,
      "unit": "kg/ha",
      "method": "broadcast"
    },
    "applied_date": "2025-09-21T20:30:07.985665",
    "applied_by": "farmer_002",
    "weather_conditions": {
      "temperature_c": 16.7,
      "wind_speed_kmh": 9.0,
      "precipitation_mm": 0.5
    },
    "cost_usd": 429.68,
    "notes": "",
    "created_at": "2025-09-21T20:30:07.985669"
  },
  {
    "event_id": "event_0033",
    "field_id": "field_007",
    "farm_id": "farm_002",
    "treatment_type": "herbicide",
    "treatment_details": {
      "product": "2,4-D",
      "rate": 3.2,
      "unit": "L/ha",
      "method": "spray"
    },
    "applied_date": "2025-08-20T20:30:07.985678",
    "applied_by": "farmer_002",
    "weather_conditions": {
      "temperature_c": 16.1,
      "wind_speed_kmh": 4.5,
      "precipitation_mm": 2.3
    },
    "cost_usd": 384.05,
    "notes": "Scheduled maintenance",
    "created_at": "2025-08-20T20:30:07.985682"
  },
  {
    "event_id": "event_0034",
    "field_id": "field_008",
    "farm_id": "farm_002",
    "treatment_type": "irrigation",
    "treatment_details": {
      "product": "Water",
      "rate": 41,
      "unit": "mm",
      "method": "sprinkler"
    },
    "applied_date": "2025-11-05T20:30:07.985692",
    "applied_by": "farmer_002",
    "weather_conditions": {
      "temperature_c": 16.1,
      "wind_speed_kmh": 6.3,
      "precipitation_mm": 3.6
    },
    "cost_usd": 237.57,
    "notes": "",
    "created_at": "2025-11-05T20:30:07.985696"
  },
  {
    "event_id": "event_0035",
    "field_id": "field_008",
    "farm_id": "farm_002",
    "treatment_type": "mowing",
    "treatment_details": {
      "product": "N/A",
      "rate": 12,
      "unit": "cm_height",
      "method": "rotary"
    },
    "applied_date": "2025-02-26T20:30:07.985704",
    "applied_by": "farmer_002",
    "weather_conditions": {
      "temperature_c": 11.6,
      "wind_speed_kmh": 16.8,
      "precipitation_mm": 2.0
    },
    "cost_usd": 190.32,
    "notes": "Scheduled maintenance",
    "created_at": "2025-02-26T20:30:07.985709"
  },
  {
    "event_id": "event_0036",
    "field_id": "field_008",
    "farm_id": "farm_002",
    "treatment_type": "overseeding",
    "treatment_details": {
      "product": "Ryegrass mix",
      "rate": 20,
      "unit": "kg/ha",
      "method": "broadcast"
    },
    "applied_date": "2025-07-30T20:30:07.985717",
    "applied_by": "farmer_002",
    "weather_conditions": {
      "temperature_c": 23.3,
      "wind_speed_kmh": 5.3,
      "precipitation_mm": 4.3
    },
    "cost_usd": 70.98,
    "notes": "Preventive treatment",
    "created_at": "2025-07-30T20:30:07.985721"
  },
  {
    "event_id": "event_0037",
    "field_id": "field_008",
    "farm_id": "farm_002",
    "treatment_type": "lime",
    "treatment_details": {
      "product": "Calcitic Lime",
      "rate": 2769,
      "unit": "kg/ha",
      "method": "broadcast"
    },
    "applied_date": "2025-05-01T20:30:07.985729",
    "applied_by": "farmer_002",
    "weather_conditions": {
      "temperature_c": 21.8,
      "wind_speed_kmh": 14.4,
      "precipitation_mm": 3.8
    },
    "cost_usd": 116.29,
    "notes": "Response to soil test results",
    "created_at": "2025-05-01T20:30:07.985733"
  },
  {
    "event_id": "event_0038",
    "field_id": "field_008",
    "farm_id": "farm_002",
    "treatment_type": "overseeding",
    "treatment_details": {
      "product": "Ryegrass mix",
      "rate": 10,
      "unit": "kg/ha",
      "method": "broadcast"
    },
    "applied_date": "2025-08-29T20:30:07.985752",
    "applied_by": "farmer_002",
    "weather_conditions": {
      "temperature_c": 18.4,
      "wind_speed_kmh": 2.9,
      "precipitation_mm": 2.0
    },
    "cost_usd": 496.6,
    "notes": "Routine application",
    "created_at": "2025-08-29T20:30:07.985757"
  },
  {
    "event_id": "event_0039",
    "field_id": "field_009",
    "farm_id": "farm_002",
    "treatment_type": "herbicide",
    "treatment_details": {
      "product": "2,4-D",
      "rate": 1.8,
      "unit": "L/ha",
      "method": "spray"
    },
    "applied_date": "2025-05-26T20:30:07.985766",
    "applied_by": "farmer_002",
    "weather_conditions": {
      "temperature_c": 22.4,
      "wind_speed_kmh": 18.4,
      "precipitation_mm": 5.0
    },
    "cost_usd": 412.17,
    "notes": "Preventive treatment",
    "created_at": "2025-05-26T20:30:07.985770"
  },
  {
    "event_id": "event_0040",
    "field_id": "field_009",
    "farm_id": "farm_002",
    "treatment_type": "irrigation",
    "treatment_details": {
      "product": "Water",
      "rate": 25,
      "unit": "mm",
      "method": "flood"
    },
    "applied_date": "2025-09-23T20:30:07.985778",
    "applied_by": "farmer_002",
    "weather_conditions": {
      "temperature_c": 14.7,
      "wind_speed_kmh": 12.6,
      "precipitation_mm": 4.6
    },
    "cost_usd": 329.97,
    "notes": "Applied before predicted rain",
    "created_at": "2025-09-23T20:30:07.985782"
  },
  {
    "event_id": "event_0041",
    "field_id": "field_009",
    "farm_id": "farm_002",
    "treatment_type": "irrigation",
    "treatment_details": {
      "product": "Water",
      "rate": 32,
      "unit": "mm",
      "method": "drip"
    },
    "applied_date": "2025-10-08T20:30:07.985790",
    "applied_by": "farmer_002",
    "weather_conditions": {
      "temperature_c": 21.4,
      "wind_speed_kmh": 14.9,
      "precipitation_mm": 3.9
    },
    "cost_usd": 197.62,
    "notes": "Response to soil test results",
    "created_at": "2025-10-08T20:30:07.985794"
  },
  {
    "event_id": "event_0042",
    "field_id": "field_010",
    "farm_id": "farm_002",
    "treatment_type": "irrigation",
    "treatment_details": {
      "product": "Water",
      "rate": 34,
      "unit": "mm",
      "method": "sprinkler"
    },
    "applied_date": "2025-04-15T20:30:07.985806",
    "applied_by": "farmer_002",
    "weather_conditions": {
      "temperature_c": 16.1,
      "wind_speed_kmh": 6.2,
      "precipitation_mm": 0.5
    },
    "cost_usd": 172.94,
    "notes": "",
    "created_at": "2025-04-15T20:30:07.985810"
  },
  {
    "event_id": "event_0043",
    "field_id": "field_010",
    "farm_id": "farm_002",
    "treatment_type": "herbicide",
    "treatment_details": {
      "product": "Glyphosate",
      "rate": 1.7,
      "unit": "L/ha",
      "method": "spray"
    },
    "applied_date": "2025-02-02T20:30:07.985819",
    "applied_by": "farmer_002",
    "weather_conditions": {
      "temperature_c": 21.9,
      "wind_speed_kmh": 17.1,
      "precipitation_mm": 1.4
    },
    "cost_usd": 465.94,
    "notes": "Response to soil test results",
    "created_at": "2025-02-02T20:30:07.985823"
  },
  {
    "event_id": "event_0044",
    "field_id": "field_010",
    "farm_id": "farm_002",
    "treatment_type": "overseeding",
    "treatment_details": {
      "product": "Drought-tolerant mix",
      "rate": 27,
      "unit": "kg/ha",
      "method": "broadcast"
    },
    "applied_date": "2025-07-02T20:30:07.985831",
    "applied_by": "farmer_002",
    "weather_conditions": {
      "temperature_c": 19.4,
      "wind_speed_kmh": 13.7,
      "precipitation_mm": 2.3
    },
    "cost_usd": 273.13,
    "notes": "Preventive treatment",
    "created_at": "2025-07-02T20:30:07.985835"
  },
  {
    "event_id": "event_0045",
    "field_id": "field_010",
    "farm_id": "farm_002",
    "treatment_type": "overseeding",
    "treatment_details": {
      "product": "Clover blend",
      "rate": 20,
      "unit": "kg/ha",
      "method": "broadcast"
    },
    "applied_date": "2025-03-12T20:30:07.985844",
    "applied_by": "farmer_002",
    "weather_conditions": {
      "temperature_c": 12.5,
      "wind_speed_kmh": 7.4,
      "precipitation_mm": 0.5
    },
    "cost_usd": 309.95,
    "notes": "Applied before predicted rain",
    "created_at": "2025-03-12T20:30:07.985848"
  },
  {
    "event_id": "event_0046",
    "field_id": "field_011",
    "farm_id": "farm_003",
    "treatment_type": "irrigation",
    "treatment_details": {
      "product": "Water",
      "rate": 19,
      "unit": "mm",
      "method": "sprinkler"
    },
    "applied_date": "2025-07-14T20:30:07.985859",
    "applied_by": "farmer_003",
    "weather_conditions": {
      "temperature_c": 22.7,
      "wind_speed_kmh": 15.2,
      "precipitation_mm": 4.8
    },
    "cost_usd": 403.35,
    "notes": "Preventive treatment",
    "created_at": "2025-07-14T20:30:07.985863"
  },
  {
    "event_id": "event_0047",
    "field_id": "field_011",
    "farm_id": "farm_003",
    "treatment_type": "overseeding",
    "treatment_details": {
      "product": "Clover blend",
      "rate": 30,
      "unit": "kg/ha",
      "method": "broadcast"
    },
    "applied_date": "2025-12-11T20:30:07.985872",
    "applied_by": "farmer_003",
    "weather_conditions": {
      "temperature_c": 17.2,
      "wind_speed_kmh": 14.0,
      "precipitation_mm": 0.0
    },
    "cost_usd": 292.61,
    "notes": "Preventive treatment",
    "created_at": "2025-12-11T20:30:07.985876"
  },
  {
    "event_id": "event_0048",
    "field_id": "field_011",
    "farm_id": "farm_003",
    "treatment_type": "herbicide",
    "treatment_details": {
      "product": "MCPA",
      "rate": 2.7,
      "unit": "L/ha",
      "method": "spray"
    },
    "applied_date": "2025-04-22T20:30:07.985889",
    "applied_by": "farmer_003",
    "weather_conditions": {
      "temperature_c": 12.5,
      "wind_speed_kmh": 13.4,
      "precipitation_mm": 4.7
    },
    "cost_usd": 119.69,
    "notes": "",
    "created_at": "2025-04-22T20:30:07.985893"
  },
  {
    "event_id": "event_0049",
    "field_id": "field_011",
    "farm_id": "farm_003",
    "treatment_type": "lime",
    "treatment_details": {
      "product": "Calcitic Lime",
      "rate": 2943,
      "unit": "kg/ha",
      "method": "broadcast"
    },
    "applied_date": "2025-09-09T20:30:07.985901",
    "applied_by": "farmer_003",
    "weather_conditions": {
      "temperature_c": 17.0,
      "wind_speed_kmh": 6.3,
      "precipitation_mm": 4.9
    },
    "cost_usd": 120.39,
    "notes": "Routine application",
    "created_at": "2025-09-09T20:30:07.985905"
  },
  {
    "event_id": "event_0050",
    "field_id": "field_011",
    "farm_id": "farm_003",
    "treatment_type": "lime",
    "treatment_details": {
      "product": "Agricultural Lime",
      "rate": 1186,
      "unit": "kg/ha",
      "method": "broadcast"
    },
    "applied_date": "2025-09-13T20:30:07.985914",
    "applied_by": "farmer_003",
    "weather_conditions": {
      "temperature_c": 10.4,
      "wind_speed_kmh": 0.4,
      "precipitation_mm": 0.1
    },
    "cost_usd": 139.6,
    "notes": "Routine application",
    "created_at": "2025-09-13T20:30:07.985918"
  },
  {
    "event_id": "event_0051",
    "field_id": "field_011",
    "farm_id": "farm_003",
    "treatment_type": "overseeding",
    "treatment_details": {
      "product": "Clover blend",
      "rate": 15,
      "unit": "kg/ha",
      "method": "broadcast"
    },
    "applied_date": "2025-07-07T20:30:07.985926",
    "applied_by": "farmer_003",
    "weather_conditions": {
      "temperature_c": 24.8,
      "wind_speed_kmh": 19.4,
      "precipitation_mm": 1.2
    },
    "cost_usd": 407.6,
    "notes": "Preventive treatment",
    "created_at": "2025-07-07T20:30:07.985932"
  },
  {
    "event_id": "event_0052",
    "field_id": "field_011",
    "farm_id": "farm_003",
    "treatment_type": "lime",
    "treatment_details": {
      "product": "Dolomite Lime",
      "rate": 1165,
      "unit": "kg/ha",
      "method": "broadcast"
    },
    "applied_date": "2025-11-30T20:30:07.985941",
    "applied_by": "farmer_003",
    "weather_conditions": {
      "temperature_c": 13.2,
      "wind_speed_kmh": 1.0,
      "precipitation_mm": 2.8
    },
    "cost_usd": 230.7,
    "notes": "Applied before predicted rain",
    "created_at": "2025-11-30T20:30:07.985945"
  },
  {
    "event_id": "event_0053",
    "field_id": "field_011",
    "farm_id": "farm_003",
    "treatment_type": "herbicide",
    "treatment_details": {
      "product": "MCPA",
      "rate": 1.5,
      "unit": "L/ha",
      "method": "spray"
    },
    "applied_date": "2025-01-26T20:30:07.985953",
    "applied_by": "farmer_003",
    "weather_conditions": {
      "temperature_c": 14.9,
      "wind_speed_kmh": 13.0,
      "precipitation_mm": 2.5
    },
    "cost_usd": 93.31,
    "notes": "Response to soil test results",
    "created_at": "2025-01-26T20:30:07.985957"
  },
  {
    "event_id": "event_0054",
    "field_id": "field_012",
    "farm_id": "farm_003",
    "treatment_type": "irrigation",
    "treatment_details": {
      "product": "Water",
      "rate": 43,
      "unit": "mm",
      "method": "sprinkler"
    },
    "applied_date": "2025-05-18T20:30:07.985967",
    "applied_by": "farmer_003",
    "weather_conditions": {
      "temperature_c": 16.9,
      "wind_speed_kmh": 2.5,
      "precipitation_mm": 1.8
    },
    "cost_usd": 352.06,
    "notes": "Applied before predicted rain",
    "created_at": "2025-05-18T20:30:07.985971"
  },
  {
    "event_id": "event_0055",
    "field_id": "field_012",
    "farm_id": "farm_003",
    "treatment_type": "fertilizer",
    "treatment_details": {
      "product": "DAP 18-46-0",
      "rate": 87,
      "unit": "kg/ha",
      "method": "foliar spray"
    },
    "applied_date": "2025-12-10T20:30:07.985983",
    "applied_by": "farmer_003",
    "weather_conditions": {
      "temperature_c": 12.9,
      "wind_speed_kmh": 8.6,
      "precipitation_mm": 1.5
    },
    "cost_usd": 418.06,
    "notes": "Scheduled maintenance",
    "created_at": "2025-12-10T20:30:07.985987"
  },
  {
    "event_id": "event_0056",
    "field_id": "field_012",
    "farm_id": "farm_003",
    "treatment_type": "lime",
    "treatment_details": {
      "product": "Dolomite Lime",
      "rate": 2893,
      "unit": "kg/ha",
      "method": "broadcast"
    },
    "applied_date": "2025-02-19T20:30:07.985996",
    "applied_by": "farmer_003",
    "weather_conditions": {
      "temperature_c": 19.1,
      "wind_speed_kmh": 6.2,
      "precipitation_mm": 2.9
    },
    "cost_usd": 154.74,
    "notes": "Response to soil test results",
    "created_at": "2025-02-19T20:30:07.985999"
  },
  {
    "event_id": "event_0057",
    "field_id": "field_012",
    "farm_id": "farm_003",
    "treatment_type": "fertilizer",
    "treatment_details": {
      "product": "DAP 18-46-0",
      "rate": 65,
      "unit": "kg/ha",
      "method": "foliar spray"
    },
    "applied_date": "2025-10-24T20:30:07.986008",
    "applied_by": "farmer_003",
    "weather_conditions": {
      "temperature_c": 24.6,
      "wind_speed_kmh": 18.9,
      "precipitation_mm": 0.1
    },
    "cost_usd": 124.78,
    "notes": "",
    "created_at": "2025-10-24T20:30:07.986012"
  },
  {
    "event_id": "event_0058",
    "field_id": "field_013",
    "farm_id": "farm_003",
    "treatment_type": "herbicide",
    "treatment_details": {
      "product": "Glyphosate",
      "rate": 2.8,
      "unit": "L/ha",
      "method": "spray"
    },
    "applied_date": "2025-06-13T20:30:07.986024",
    "applied_by": "farmer_003",
    "weather_conditions": {
      "temperature_c": 14.5,
      "wind_speed_kmh": 17.8,
      "precipitation_mm": 4.8
    },
    "cost_usd": 301.95,
    "notes": "Preventive treatment",
    "created_at": "2025-06-13T20:30:07.986028"
  },
  {
    "event_id": "event_0059",
    "field_id": "field_013",
    "farm_id": "farm_003",
    "treatment_type": "irrigation",
    "treatment_details": {
      "product": "Water",
      "rate": 38,
      "unit": "mm",
      "method": "flood"
    },
    "applied_date": "2025-09-06T20:30:07.986036",
    "applied_by": "farmer_003",
    "weather_conditions": {
      "temperature_c": 10.8,
      "wind_speed_kmh": 9.7,
      "precipitation_mm": 3.7
    },
    "cost_usd": 181.63,
    "notes": "Scheduled maintenance",
    "created_at": "2025-09-06T20:30:07.986040"
  },
  {
    "event_id": "event_0060",
    "field_id": "field_013",
    "farm_id": "farm_003",
    "treatment_type": "fertilizer",
    "treatment_details": {
      "product": "DAP 18-46-0",
      "rate": 84,
      "unit": "kg/ha",
      "method": "foliar spray"
    },
    "applied_date": "2025-09-02T20:30:07.986049",
    "applied_by": "farmer_003",
    "weather_conditions": {
      "temperature_c": 11.0,
      "wind_speed_kmh": 19.5,
      "precipitation_mm": 3.8
    },
    "cost_usd": 226.48,
    "notes": "Routine application",
    "created_at": "2025-09-02T20:30:07.986053"
  },
  {
    "event_id": "event_0061",
    "field_id": "field_013",
    "farm_id": "farm_003",
    "treatment_type": "mowing",
    "treatment_details": {
      "product": "N/A",
      "rate": 7,
      "unit": "cm_height",
      "method": "rotary"
    },
    "applied_date": "2025-09-28T20:30:07.986061",
    "applied_by": "farmer_003",
    "weather_conditions": {
      "temperature_c": 14.1,
      "wind_speed_kmh": 14.8,
      "precipitation_mm": 3.7
    },
    "cost_usd": 228.05,
    "notes": "Response to soil test results",
    "created_at": "2025-09-28T20:30:07.986065"
  },
  {
    "event_id": "event_0062",
    "field_id": "field_013",
    "farm_id": "farm_003",
    "treatment_type": "lime",
    "treatment_details": {
      "product": "Calcitic Lime",
      "rate": 2727,
      "unit": "kg/ha",
      "method": "broadcast"
    },
    "applied_date": "2025-11-10T20:30:07.986073",
    "applied_by": "farmer_003",
    "weather_conditions": {
      "temperature_c": 21.9,
      "wind_speed_kmh": 11.8,
      "precipitation_mm": 1.2
    },
    "cost_usd": 172.37,
    "notes": "Routine application",
    "created_at": "2025-11-10T20:30:07.986077"
  },
  {
    "event_id": "event_0063",
    "field_id": "field_013",
    "farm_id": "farm_003",
    "treatment_type": "mowing",
    "treatment_details": {
      "product": "N/A",
      "rate": 6,
      "unit": "cm_height",
      "method": "rotary"
    },
    "applied_date": "2025-11-18T20:30:07.986086",
    "applied_by": "farmer_003",
    "weather_conditions": {
      "temperature_c": 15.8,
      "wind_speed_kmh": 3.8,
      "precipitation_mm": 0.5
    },
    "cost_usd": 378.24,
    "notes": "Routine application",
    "created_at": "2025-11-18T20:30:07.986089"
  },
  {
    "event_id": "event_0064",
    "field_id": "field_014",
    "farm_id": "farm_003",
    "treatment_type": "mowing",
    "treatment_details": {
      "product": "N/A",
      "rate": 14,
      "unit": "cm_height",
      "method": "rotary"
    },
    "applied_date": "2025-10-29T20:30:07.986100",
    "applied_by": "farmer_003",
    "weather_conditions": {
      "temperature_c": 14.9,
      "wind_speed_kmh": 2.8,
      "precipitation_mm": 3.3
    },
    "cost_usd": 337.22,
    "notes": "Response to soil test results",
    "created_at": "2025-10-29T20:30:07.986105"
  },
  {
    "event_id": "event_0065",
    "field_id": "field_014",
    "farm_id": "farm_003",
    "treatment_type": "fertilizer",
    "treatment_details": {
      "product": "Ammonium Nitrate",
      "rate": 45,
      "unit": "kg/ha",
      "method": "broadcast"
    },
    "applied_date": "2025-05-23T20:30:07.986113",
    "applied_by": "farmer_003",
    "weather_conditions": {
      "temperature_c": 17.3,
      "wind_speed_kmh": 6.9,
      "precipitation_mm": 2.3
    },
    "cost_usd": 417.39,
    "notes": "Routine application",
    "created_at": "2025-05-23T20:30:07.986116"
  },
  {
    "event_id": "event_0066",
    "field_id": "field_014",
    "farm_id": "farm_003",
    "treatment_type": "irrigation",
    "treatment_details": {
      "product": "Water",
      "rate": 32,
      "unit": "mm",
      "method": "drip"
    },
    "applied_date": "2025-10-22T20:30:07.986125",
    "applied_by": "farmer_003",
    "weather_conditions": {
      "temperature_c": 21.0,
      "wind_speed_kmh": 19.6,
      "precipitation_mm": 0.9
    },
    "cost_usd": 91.79,
    "notes": "Applied before predicted rain",
    "created_at": "2025-10-22T20:30:07.986129"
  },
  {
    "event_id": "event_0067",
    "field_id": "field_014",
    "farm_id": "farm_003",
    "treatment_type": "overseeding",
    "treatment_details": {
      "product": "Clover blend",
      "rate": 15,
      "unit": "kg/ha",
      "method": "broadcast"
    },
    "applied_date": "2025-05-09T20:30:07.986138",
    "applied_by": "farmer_003",
    "weather_conditions": {
      "temperature_c": 14.4,
      "wind_speed_kmh": 8.1,
      "precipitation_mm": 0.3
    },
    "cost_usd": 328.05,
    "notes": "Response to soil test results",
    "created_at": "2025-05-09T20:30:07.986142"
  },
  {
    "event_id": "event_0068",
    "field_id": "field_014",
    "farm_id": "farm_003",
    "treatment_type": "herbicide",
    "treatment_details": {
      "product": "Dicamba",
      "rate": 4.3,
      "unit": "L/ha",
      "method": "spray"
    },
    "applied_date": "2025-06-16T20:30:07.986154",
    "applied_by": "farmer_003",
    "weather_conditions": {
      "temperature_c": 19.8,
      "wind_speed_kmh": 1.8,
      "precipitation_mm": 3.3
    },
    "cost_usd": 493.66,
    "notes": "Applied before predicted rain",
    "created_at": "2025-06-16T20:30:07.986158"
  },
  {
    "event_id": "event_0069",
    "field_id": "field_014",
    "farm_id": "farm_003",
    "treatment_type": "mowing",
    "treatment_details": {
      "product": "N/A",
      "rate": 12,
      "unit": "cm_height",
      "method": "rotary"
    },
    "applied_date": "2025-04-21T20:30:07.986166",
    "applied_by": "farmer_003",
    "weather_conditions": {
      "temperature_c": 25.0,
      "wind_speed_kmh": 19.3,
      "precipitation_mm": 0.6
    },
    "cost_usd": 429.19,
    "notes": "",
    "created_at": "2025-04-21T20:30:07.986171"
  },
  {
    "event_id": "event_0070",
    "field_id": "field_015",
    "farm_id": "farm_003",
    "treatment_type": "irrigation",
    "treatment_details": {
      "product": "Water",
      "rate": 36,
      "unit": "mm",
      "method": "flood"
    },
    "applied_date": "2025-09-24T20:30:07.986180",
    "applied_by": "farmer_003",
    "weather_conditions": {
      "temperature_c": 13.1,
      "wind_speed_kmh": 1.4,
      "precipitation_mm": 1.8
    },
    "cost_usd": 91.28,
    "notes": "Response to soil test results",
    "created_at": "2025-09-24T20:30:07.986184"
  },
  {
    "event_id": "event_0071",
    "field_id": "field_015",
    "farm_id": "farm_003",
    "treatment_type": "irrigation",
    "treatment_details": {
      "product": "Water",
      "rate": 27,
      "unit": "mm",
      "method": "drip"
    },
    "applied_date": "2025-01-14T20:30:07.986192",
    "applied_by": "farmer_003",
    "weather_conditions": {
      "temperature_c": 21.3,
      "wind_speed_kmh": 3.5,
      "precipitation_mm": 4.0
    },
    "cost_usd": 488.0,
    "notes": "",
    "created_at": "2025-01-14T20:30:07.986196"
  },
  {
    "event_id": "event_0072",
    "field_id": "field_015",
    "farm_id": "farm_003",
    "treatment_type": "lime",
    "treatment_details": {
      "product": "Dolomite Lime",
      "rate": 2294,
      "unit": "kg/ha",
      "method": "broadcast"
    },
    "applied_date": "2025-05-14T20:30:07.986205",
    "applied_by": "farmer_003",
    "weather_conditions": {
      "temperature_c": 11.2,
      "wind_speed_kmh": 8.9,
      "precipitation_mm": 2.8
    },
    "cost_usd": 337.03,
    "notes": "Preventive treatment",
    "created_at": "2025-05-14T20:30:07.986209"
  },
  {
    "event_id": "event_0073",
    "field_id": "field_015",
    "farm_id": "farm_003",
    "treatment_type": "lime",
    "treatment_details": {
      "product": "Agricultural Lime",
      "rate": 2718,
      "unit": "kg/ha",
      "method": "broadcast"
    },
    "applied_date": "2025-07-12T20:30:07.986217",
    "applied_by": "farmer_003",
    "weather_conditions": {
      "temperature_c": 20.1,
      "wind_speed_kmh": 15.4,
      "precipitation_mm": 4.2
    },
    "cost_usd": 143.8,
    "notes": "Applied before predicted rain",
    "created_at": "2025-07-12T20:30:07.986221"
  },
  {
    "event_id": "event_0074",
    "field_id": "field_016",
    "farm_id": "farm_004",
    "treatment_type": "lime",
    "treatment_details": {
      "product": "Agricultural Lime",
      "rate": 1560,
      "unit": "kg/ha",
      "method": "broadcast"
    },
    "applied_date": "2025-04-20T20:30:07.986230",
    "applied_by": "farmer_004",
    "weather_conditions": {
      "temperature_c": 10.3,
      "wind_speed_kmh": 8.2,
      "precipitation_mm": 3.9
    },
    "cost_usd": 491.29,
    "notes": "Routine application",
    "created_at": "2025-04-20T20:30:07.986234"
  },
  {
    "event_id": "event_0075",
    "field_id": "field_016",
    "farm_id": "farm_004",
    "treatment_type": "fertilizer",
    "treatment_details": {
      "product": "DAP 18-46-0",
      "rate": 96,
      "unit": "kg/ha",
      "method": "broadcast"
    },
    "applied_date": "2025-08-19T20:30:07.986245",
    "applied_by": "farmer_004",
    "weather_conditions": {
      "temperature_c": 17.0,
      "wind_speed_kmh": 16.8,
      "precipitation_mm": 1.0
    },
    "cost_usd": 56.49,
    "notes": "Routine application",
    "created_at": "2025-08-19T20:30:07.986249"
  },
  {
    "event_id": "event_0076",
    "field_id": "field_016",
    "farm_id": "farm_004",
    "treatment_type": "mowing",
    "treatment_details": {
      "product": "N/A",
      "rate": 13,
      "unit": "cm_height",
      "method": "rotary"
    },
    "applied_date": "2025-12-20T20:30:07.986257",
    "applied_by": "farmer_004",
    "weather_conditions": {
      "temperature_c": 20.7,
      "wind_speed_kmh": 16.7,
      "precipitation_mm": 4.3
    },
    "cost_usd": 416.33,
    "notes": "Scheduled maintenance",
    "created_at": "2025-12-20T20:30:07.986261"
  },
  {
    "event_id": "event_0077",
    "field_id": "field_017",
    "farm_id": "farm_004",
    "treatment_type": "irrigation",
    "treatment_details": {
      "product": "Water",
      "rate": 23,
      "unit": "mm",
      "method": "sprinkler"
    },
    "applied_date": "2025-07-17T20:30:07.986272",
    "applied_by": "farmer_004",
    "weather_conditions": {
      "temperature_c": 14.4,
      "wind_speed_kmh": 18.8,
      "precipitation_mm": 2.8
    },
    "cost_usd": 480.69,
    "notes": "Preventive treatment",
    "created_at": "2025-07-17T20:30:07.986276"
  },
  {
    "event_id": "event_0078",
    "field_id": "field_017",
    "farm_id": "farm_004",
    "treatment_type": "fertilizer",
    "treatment_details": {
      "product": "NPK 10-10-10",
      "rate": 41,
      "unit": "kg/ha",
      "method": "broadcast"
    },
    "applied_date": "2025-08-04T20:30:07.986288",
    "applied_by": "farmer_004",
    "weather_conditions": {
      "temperature_c": 17.5,
      "wind_speed_kmh": 17.7,
      "precipitation_mm": 3.8
    },
    "cost_usd": 197.69,
    "notes": "Response to soil test results",
    "created_at": "2025-08-04T20:30:07.986292"
  },
  {
    "event_id": "event_0079",
    "field_id": "field_017",
    "farm_id": "farm_004",
    "treatment_type": "mowing",
    "treatment_details": {
      "product": "N/A",
      "rate": 15,
      "unit": "cm_height",
      "method": "rotary"
    },
    "applied_date": "2025-06-20T20:30:07.986301",
    "applied_by": "farmer_004",
    "weather_conditions": {
      "temperature_c": 11.7,
      "wind_speed_kmh": 0.9,
      "precipitation_mm": 3.2
    },
    "cost_usd": 252.98,
    "notes": "",
    "created_at": "2025-06-20T20:30:07.986305"
  },
  {
    "event_id": "event_0080",
    "field_id": "field_017",
    "farm_id": "farm_004",
    "treatment_type": "lime",
    "treatment_details": {
      "product": "Dolomite Lime",
      "rate": 2115,
      "unit": "kg/ha",
      "method": "broadcast"
    },
    "applied_date": "2025-05-10T20:30:07.986315",
    "applied_by": "farmer_004",
    "weather_conditions": {
      "temperature_c": 23.7,
      "wind_speed_kmh": 18.4,
      "precipitation_mm": 4.7
    },
    "cost_usd": 156.37,
    "notes": "Preventive treatment",
    "created_at": "2025-05-10T20:30:07.986321"
  },
  {
    "event_id": "event_0081",
    "field_id": "field_018",
    "farm_id": "farm_004",
    "treatment_type": "herbicide",
    "treatment_details": {
      "product": "2,4-D",
      "rate": 3.1,
      "unit": "L/ha",
      "method": "spray"
    },
    "applied_date": "2025-04-24T20:30:07.986330",
    "applied_by": "farmer_004",
    "weather_conditions": {
      "temperature_c": 23.5,
      "wind_speed_kmh": 15.6,
      "precipitation_mm": 2.3
    },
    "cost_usd": 454.4,
    "notes": "Applied before predicted rain",
    "created_at": "2025-04-24T20:30:07.986335"
  },
  {
    "event_id": "event_0082",
    "field_id": "field_018",
    "farm_id": "farm_004",
    "treatment_type": "fertilizer",
    "treatment_details": {
      "product": "Urea 46-0-0",
      "rate": 68,
      "unit": "kg/ha",
      "method": "broadcast"
    },
    "applied_date": "2025-11-24T20:30:07.986343",
    "applied_by": "farmer_004",
    "weather_conditions": {
      "temperature_c": 23.7,
      "wind_speed_kmh": 0.6,
      "precipitation_mm": 3.1
    },
    "cost_usd": 285.05,
    "notes": "Response to soil test results",
    "created_at": "2025-11-24T20:30:07.986347"
  },
  {
    "event_id": "event_0083",
    "field_id": "field_018",
    "farm_id": "farm_004",
    "treatment_type": "fertilizer",
    "treatment_details": {
      "product": "NPK 10-10-10",
      "rate": 34,
      "unit": "kg/ha",
      "method": "foliar spray"
    },
    "applied_date": "2025-04-02T20:30:07.986355",
    "applied_by": "farmer_004",
    "weather_conditions": {
      "temperature_c": 17.1,
      "wind_speed_kmh": 6.5,
      "precipitation_mm": 2.7
    },
    "cost_usd": 272.51,
    "notes": "Response to soil test results",
    "created_at": "2025-04-02T20:30:07.986359"
  },
  {
    "event_id": "event_0084",
    "field_id": "field_019",
    "farm_id": "farm_004",
    "treatment_type": "overseeding",
    "treatment_details": {
      "product": "Ryegrass mix",
      "rate": 14,
      "unit": "kg/ha",
      "method": "broadcast"
    },
    "applied_date": "2025-11-05T20:30:07.986368",
    "applied_by": "farmer_004",
    "weather_conditions": {
      "temperature_c": 24.9,
      "wind_speed_kmh": 2.5,
      "precipitation_mm": 3.5
    },
    "cost_usd": 459.94,
    "notes": "Routine application",
    "created_at": "2025-11-05T20:30:07.986372"
  },
  {
    "event_id": "event_0085",
    "field_id": "field_019",
    "farm_id": "farm_004",
    "treatment_type": "irrigation",
    "treatment_details": {
      "product": "Water",
      "rate": 41,
      "unit": "mm",
      "method": "drip"
    },
    "applied_date": "2025-02-02T20:30:07.986381",
    "applied_by": "farmer_004",
    "weather_conditions": {
      "temperature_c": 24.4,
      "wind_speed_kmh": 0.8,
      "precipitation_mm": 3.4
    },
    "cost_usd": 263.24,
    "notes": "Routine application",
    "created_at": "2025-02-02T20:30:07.986385"
  },
  {
    "event_id": "event_0086",
    "field_id": "field_019",
    "farm_id": "farm_004",
    "treatment_type": "mowing",
    "treatment_details": {
      "product": "N/A",
      "rate": 10,
      "unit": "cm_height",
      "method": "rotary"
    },
    "applied_date": "2025-11-25T20:30:07.986393",
    "applied_by": "farmer_004",
    "weather_conditions": {
      "temperature_c": 12.8,
      "wind_speed_kmh": 14.8,
      "precipitation_mm": 0.5
    },
    "cost_usd": 75.59,
    "notes": "Preventive treatment",
    "created_at": "2025-11-25T20:30:07.986397"
  },
  {
    "event_id": "event_0087",
    "field_id": "field_019",
    "farm_id": "farm_004",
    "treatment_type": "overseeding",
    "treatment_details": {
      "product": "Drought-tolerant mix",
      "rate": 18,
      "unit": "kg/ha",
      "method": "broadcast"
    },
    "applied_date": "2025-09-09T20:30:07.986405",
    "applied_by": "farmer_004",
    "weather_conditions": {
      "temperature_c": 20.7,
      "wind_speed_kmh": 3.9,
      "precipitation_mm": 0.7
    },
    "cost_usd": 433.46,
    "notes": "Response to soil test results",
    "created_at": "2025-09-09T20:30:07.986409"
  },
  {
    "event_id": "event_0088",
    "field_id": "field_020",
    "farm_id": "farm_005",
    "treatment_type": "overseeding",
    "treatment_details": {
      "product": "Ryegrass mix",
      "rate": 19,
      "unit": "kg/ha",
      "method": "broadcast"
    },
    "applied_date": "2025-01-26T20:30:07.986420",
    "applied_by": "farmer_005",
    "weather_conditions": {
      "temperature_c": 17.7,
      "wind_speed_kmh": 4.5,
      "precipitation_mm": 2.4
    },
    "cost_usd": 142.06,
    "notes": "Routine application",
    "created_at": "2025-01-26T20:30:07.986424"
  },
  {
    "event_id": "event_0089",
    "field_id": "field_020",
    "farm_id": "farm_005",
    "treatment_type": "irrigation",
    "treatment_details": {
      "product": "Water",
      "rate": 42,
      "unit": "mm",
      "method": "flood"
    },
    "applied_date": "2025-10-16T20:30:07.986446",
    "applied_by": "farmer_005",
    "weather_conditions": {
      "temperature_c": 17.5,
      "wind_speed_kmh": 4.5,
      "precipitation_mm": 2.2
    },
    "cost_usd": 121.24,
    "notes": "Routine application",
    "created_at": "2025-10-16T20:30:07.986450"
  },
  {
    "event_id": "event_0090",
    "field_id": "field_020",
    "farm_id": "farm_005",
    "treatment_type": "fertilizer",
    "treatment_details": {
      "product": "DAP 18-46-0",
      "rate": 38,
      "unit": "kg/ha",
      "method": "injection"
    },
    "applied_date": "2025-12-30T20:30:07.986459",
    "applied_by": "farmer_005",
    "weather_conditions": {
      "temperature_c": 19.3,
      "wind_speed_kmh": 5.6,
      "precipitation_mm": 3.1
    },
    "cost_usd": 226.38,
    "notes": "Scheduled maintenance",
    "created_at": "2025-12-30T20:30:07.986463"
  },
  {
    "event_id": "event_0091",
    "field_id": "field_020",
    "farm_id": "farm_005",
    "treatment_type": "fertilizer",
    "treatment_details": {
      "product": "Ammonium Nitrate",
      "rate": 50,
      "unit": "kg/ha",
      "method": "injection"
    },
    "applied_date": "2025-05-18T20:30:07.986471",
    "applied_by": "farmer_005",
    "weather_conditions": {
      "temperature_c": 20.0,
      "wind_speed_kmh": 5.0,
      "precipitation_mm": 2.0
    },
    "cost_usd": 444.47,
    "notes": "",
    "created_at": "2025-05-18T20:30:07.986475"
  },
  {
    "event_id": "event_0092",
    "field_id": "field_020",
    "farm_id": "farm_005",
    "treatment_type": "irrigation",
    "treatment_details": {
      "product": "Water",
      "rate": 28,
      "unit": "mm",
      "method": "sprinkler"
    },
    "applied_date": "2025-12-19T20:30:07.986484",
    "applied_by": "farmer_005",
    "weather_conditions": {
      "temperature_c": 15.0,
      "wind_speed_kmh": 16.9,
      "precipitation_mm": 1.1
    },
    "cost_usd": 314.51,
    "notes": "Scheduled maintenance",
    "created_at": "2025-12-19T20:30:07.986488"
  },
  {
    "event_id": "event_0093",
    "field_id": "field_020",
    "farm_id": "farm_005",
    "treatment_type": "herbicide",
    "treatment_details": {
      "product": "Glyphosate",
      "rate": 1.8,
      "unit": "L/ha",
      "method": "spray"
    },
    "applied_date": "2025-05-07T20:30:07.986498",
    "applied_by": "farmer_005",
    "weather_conditions": {
      "temperature_c": 21.7,
      "wind_speed_kmh": 3.6,
      "precipitation_mm": 3.8
    },
    "cost_usd": 465.45,
    "notes": "Preventive treatment",
    "created_at": "2025-05-07T20:30:07.986502"
  },
  {
    "event_id": "event_0094",
    "field_id": "field_020",
    "farm_id": "farm_005",
    "treatment_type": "overseeding",
    "treatment_details": {
      "product": "Drought-tolerant mix",
      "rate": 17,
      "unit": "kg/ha",
      "method": "broadcast"
    },
    "applied_date": "2025-07-03T20:30:07.986513",
    "applied_by": "farmer_005",
    "weather_conditions": {
      "temperature_c": 13.1,
      "wind_speed_kmh": 1.1,
      "precipitation_mm": 1.1
    },
    "cost_usd": 189.63,
    "notes": "Preventive treatment",
    "created_at": "2025-07-03T20:30:07.986517"
  },
  {
    "event_id": "event_0095",
    "field_id": "field_021",
    "farm_id": "farm_005",
    "treatment_type": "lime",
    "treatment_details": {
      "product": "Agricultural Lime",
      "rate": 1464,
      "unit": "kg/ha",
      "method": "broadcast"
    },
    "applied_date": "2025-04-08T20:30:07.986526",
    "applied_by": "farmer_005",
    "weather_conditions": {
      "temperature_c": 12.2,
      "wind_speed_kmh": 11.3,
      "precipitation_mm": 3.6
    },
    "cost_usd": 338.52,
    "notes": "Applied before predicted rain",
    "created_at": "2025-04-08T20:30:07.986530"
  },
  {
    "event_id": "event_0096",
    "field_id": "field_021",
    "farm_id": "farm_005",
    "treatment_type": "irrigation",
    "treatment_details": {
      "product": "Water",
      "rate": 36,
      "unit": "mm",
      "method": "sprinkler"
    },
    "applied_date": "2025-01-25T20:30:07.986540",
    "applied_by": "farmer_005",
    "weather_conditions": {
      "temperature_c": 21.9,
      "wind_speed_kmh": 1.5,
      "precipitation_mm": 4.9
    },
    "cost_usd": 240.9,
    "notes": "",
    "created_at": "2025-01-25T20:30:07.986544"
  },
  {
    "event_id": "event_0097",
    "field_id": "field_021",
    "farm_id": "farm_005",
    "treatment_type": "irrigation",
    "treatment_details": {
      "product": "Water",
      "rate": 21,
      "unit": "mm",
      "method": "flood"
    },
    "applied_date": "2025-09-21T20:30:07.986553",
    "applied_by": "farmer_005",
    "weather_conditions": {
      "temperature_c": 22.8,
      "wind_speed_kmh": 12.0,
      "precipitation_mm": 0.1
    },
    "cost_usd": 265.54,
    "notes": "Preventive treatment",
    "created_at": "2025-09-21T20:30:07.986557"
  },
  {
    "event_id": "event_0098",
    "field_id": "field_022",
    "farm_id": "farm_005",
    "treatment_type": "fertilizer",
    "treatment_details": {
      "product": "Urea 46-0-0",
      "rate": 56,
      "unit": "kg/ha",
      "method": "broadcast"
    },
    "applied_date": "2025-11-15T20:30:07.986568",
    "applied_by": "farmer_005",
    "weather_conditions": {
      "temperature_c": 20.9,
      "wind_speed_kmh": 13.5,
      "precipitation_mm": 3.5
    },
    "cost_usd": 282.75,
    "notes": "Preventive treatment",
    "created_at": "2025-11-15T20:30:07.986572"
  },
  {
    "event_id": "event_0099",
    "field_id": "field_022",
    "farm_id": "farm_005",
    "treatment_type": "fertilizer",
    "treatment_details": {
      "product": "Ammonium Nitrate",
      "rate": 54,
      "unit": "kg/ha",
      "method": "foliar spray"
    },
    "applied_date": "2025-02-26T20:30:07.986581",
    "applied_by": "farmer_005",
    "weather_conditions": {
      "temperature_c": 23.6,
      "wind_speed_kmh": 10.0,
      "precipitation_mm": 3.4
    },
    "cost_usd": 214.91,
    "notes": "Applied before predicted rain",
    "created_at": "2025-02-26T20:30:07.986585"
  },
  {
    "event_id": "event_0100",
    "field_id": "field_022",
    "farm_id": "farm_005",
    "treatment_type": "irrigation",
    "treatment_details": {
      "product": "Water",
      "rate": 39,
      "unit": "mm",
      "method": "drip"
    },
    "applied_date": "2025-08-14T20:30:07.986593",
    "applied_by": "farmer_005",
    "weather_conditions": {
      "temperature_c": 23.0,
      "wind_speed_kmh": 16.5,
      "precipitation_mm": 2.7
    },
    "cost_usd": 418.73,
    "notes": "Applied before predicted rain",
    "created_at": "2025-08-14T20:30:07.986597"
  },
  {
    "event_id": "event_0101",
    "field_id": "field_022",
    "farm_id": "farm_005",
    "treatment_type": "fertilizer",
    "treatment_details": {
      "product": "Urea 46-0-0",
      "rate": 92,
      "unit": "kg/ha",
      "method": "injection"
    },
    "applied_date": "2025-03-29T20:30:07.986606",
    "applied_by": "farmer_005",
    "weather_conditions": {
      "temperature_c": 14.8,
      "wind_speed_kmh": 2.1,
      "precipitation_mm": 3.6
    },
    "cost_usd": 492.26,
    "notes": "Response to soil test results",
    "created_at": "2025-03-29T20:30:07.986610"
  },
  {
    "event_id": "event_0102",
    "field_id": "field_022",
    "farm_id": "farm_005",
    "treatment_type": "mowing",
    "treatment_details": {
      "product": "N/A",
      "rate": 13,
      "unit": "cm_height",
      "method": "rotary"
    },
    "applied_date": "2025-10-04T20:30:07.986618",
    "applied_by": "farmer_005",
    "weather_conditions": {
      "temperature_c": 10.6,
      "wind_speed_kmh": 4.0,
      "precipitation_mm": 2.3
    },
    "cost_usd": 310.86,
    "notes": "Applied before predicted rain",
    "created_at": "2025-10-04T20:30:07.986622"
  },
  {
    "event_id": "event_0103",
    "field_id": "field_022",
    "farm_id": "farm_005",
    "treatment_type": "irrigation",
    "treatment_details": {
      "product": "Water",
      "rate": 26,
      "unit": "mm",
      "method": "sprinkler"
    },
    "applied_date": "2025-05-02T20:30:07.986828",
    "applied_by": "farmer_005",
    "weather_conditions": {
      "temperature_c": 15.2,
      "wind_speed_kmh": 5.4,
      "precipitation_mm": 4.9
    },
    "cost_usd": 360.82,
    "notes": "Routine application",
    "created_at": "2025-05-02T20:30:07.986834"
  },
  {
    "event_id": "event_0104",
    "field_id": "field_022",
    "farm_id": "farm_005",
    "treatment_type": "herbicide",
    "treatment_details": {
      "product": "Dicamba",
      "rate": 3.9,
      "unit": "L/ha",
      "method": "spray"
    },
    "applied_date": "2025-08-10T20:30:07.986844",
    "applied_by": "farmer_005",
    "weather_conditions": {
      "temperature_c": 23.5,
      "wind_speed_kmh": 13.7,
      "precipitation_mm": 2.3
    },
    "cost_usd": 488.44,
    "notes": "Response to soil test results",
    "created_at": "2025-08-10T20:30:07.986848"
  },
  {
    "event_id": "event_0105",
    "field_id": "field_022",
    "farm_id": "farm_005",
    "treatment_type": "mowing",
    "treatment_details": {
      "product": "N/A",
      "rate": 12,
      "unit": "cm_height",
      "method": "rotary"
    },
    "applied_date": "2025-10-24T20:30:07.986856",
    "applied_by": "farmer_005",
    "weather_conditions": {
      "temperature_c": 19.1,
      "wind_speed_kmh": 19.8,
      "precipitation_mm": 4.5
    },
    "cost_usd": 392.82,
    "notes": "",
    "created_at": "2025-10-24T20:30:07.986861"
  }
]