[
  {
    "station_id": "ws_001_1",
    "name": "County Weather Station 1-1",
    "latitude": 43.51279200905656,
    "longitude": -92.94019985503252,
    "elevation_m": 464,
    "installed_date": "2021-08-22T20:30:07.987714"
  },
  {
    "station_id": "ws_002_1",
    "name": "County Weather Station 2-1",
    "latitude": 42.69042196763958,
    "longitude": -92.77714921785585,
    "elevation_m": 235,
    "installed_date": "2017-05-27T20:30:07.987727"
  },
  {
    "station_id": "ws_003_1",
    "name": "County Weather Station 3-1",
    "latitude": 42.15458884311994,
    "longitude": -87.7270053357248,
    "elevation_m": 373,
    "installed_date": "2018-03-13T20:30:07.987734"
  },
  {
    "station_id": "ws_004_1",
    "name": "County Weather Station 4-1",
    "latitude": 42.56256959661025,
    "longitude": -90.76066290463135,
    "elevation_m": 240,
    "installed_date": "2018-10-05T20:30:07.987740"
  },
  {
    "station_id": "ws_004_2",
    "name": "County Weather Station 4-2",
    "latitude": 42.54954664475539,
    "longitude": -90.87647321332297,
    "elevation_m": 252,
    "installed_date": "2021-01-15T20:30:07.987744"
  },
  {
    "station_id": "ws_005_1",
    "name": "County Weather Station 5-1",
    "latitude": 43.480320451014826,
    "longitude": -87.76916614250399,
    "elevation_m": 201,
    "installed_date": "2020-02-28T20:30:07.987749"
  },
  {
    "station_id": "ws_005_2",
    "name": "County Weather Station 5-2",
    "latitude": 43.4914425729262,
    "longitude": -87.72904250547684,
    "elevation_m": 343,
    "installed_date": "2024-03-26T20:30:07.987753"
  }
]